,name,type,rating,review_count,price,address,label
0,Augusto Lisboa,brunch,4.8,1032.0,2.0,"Rua Santa M.nha 26, 1100-491 Lisboa, Portugal","['Dine-in', 'Takeaway', 'No delivery']"
1,Tiffin Cafe & Restaurant Lisboa,cafe,4.9,139.0,2.0,"R. do Conde 32, 1200-637 Lisboa, Portugal","['Dine-in', 'Takeaway', 'Delivery']"
2,Crisfama,mediterranean,4.8,649.0,1.0,"Rua da Cruz de Santa Apol√≥nia 56, 1100-188 Lisboa, Portugal","['Dine-in', 'Takeaway', 'No delivery']"
3,Alma,european,4.8,953.0,4.0,"R. Anchieta 15, 1200-224 Lisboa, Portugal","['Dine-in', 'No takeaway', 'No delivery']"
4,Restaurant CHULHO & Bar,chicken,4.9,180.0,,"R. de S√£o Jo√£o da Mata 82, 1200-850 Lisboa, Portugal","['Dine-in', 'Takeaway', 'Delivery']"
5,Jam Club,bar,4.8,664.0,1.0,"Tv. Inglesinhos 49, 1200-223 Lisboa, Portugal","['Dine-in', 'Takeaway', 'No delivery']"
6,Ramiro,seafood,4.5,11612.0,3.0,"Av. Alm. Reis 1 H, 1150-007 Lisboa, Portugal","['Dine-in', 'Drive-through', 'No-contact delivery']"
7,Belcanto,south_america,4.6,865.0,4.0,"R. Serpa Pinto 10A, 1200-026 Lisboa, Portugal","['Dine-in', 'No takeaway', 'No delivery']"
9,A Cevicheria,south_america,4.4,2674.0,2.0,"R. Dom Pedro V 129, 1250-096 Lisboa, Portugal","['Dine-in', 'Takeaway', 'Delivery']"
11,Lisbon cafe & kebab house,veggie_healthy,4.9,37.0,,"Rua Marqu√™s Ponte de Lima 21C, 1100-132 Lisboa, Portugal","['Dine-in', 'Takeaway', 'Delivery']"
12,Frade dos Mares,seafood,4.6,1256.0,2.0,"Av. Dom Carlos i 55A, 1200-647 Lisboa, Portugal","['Dine-in', 'Takeaway', 'No-contact delivery']"
13,Estamin√© art food drink,bistro,4.8,226.0,,"Cal√ßada do Monte 86A, 1170-112 Lisboa, Portugal","['Dine-in', 'Takeaway', 'No delivery']"
14,Mercearia do S√©culo,brunch,4.8,287.0,,"Rua de O S√©culo 145, 1250-095 Lisboa, Portugal","['Dine-in', 'Takeaway']"
15,Needle in a haystack,grill,4.8,425.0,2.0,"R. Jardim do Tabaco 3, 1100-286 Lisboa, Portugal","['Dine-in', 'No delivery']"
17,Sommelier Lisbon,european,4.6,514.0,3.0,"R. do Telhal 59, 1150-316 Lisboa, Portugal","['Dine-in', 'Takeaway', 'No delivery']"
20,RIB - Beef & Wine Lisboa,grill,4.4,529.0,2.0,"Pra√ßa do Com√©rcio 31A, 1100-148 Lisboa, Portugal","['Dine-in', 'No delivery']"
21,Yallah Lisboa,mediterranean,4.3,342.0,,"R. Santos-O-Velho 22, 1200-813 Lisboa, Portugal","['Dine-in', 'Curbside pickup', 'No delivery']"
23,Taberna Sal Grosso,chicken,4.7,1223.0,1.0,"Cal√ßada do Forte 22, 1100-256 Lisboa, Portugal",['Dine-in']
25,Rua,chicken,4.7,213.0,2.0,"Rua de O S√©culo 149 a, 1200-434 Lisboa, Portugal","['Dine-in', 'Takeaway', 'Delivery']"
26,Restaurante Consensual,bistro,4.6,142.0,,"Travessa da √Ågua da Flor 42, 1200-010 Lisboa, Portugal","['Dine-in', 'Takeaway']"
28,Tantura,mediterranean,4.7,750.0,2.0,"R. do Trombeta 1 D, 1200-471 Lisboa, Portugal","['Dine-in', 'Curbside pickup', 'No-contact delivery']"
29,JNcQUOI Avenida,brunch,4.6,1827.0,4.0,"Av. da Liberdade 182 184, 1250-146 Lisboa, Portugal","['Dine-in', 'Takeaway', 'Delivery']"
30,The Little Wine Bar,bar,4.7,294.0,2.0,"Cal√ßada do Duque 39, 1200-155 Lisboa, Portugal","['Dine-in', 'No delivery']"
31,A Taberna Do Mar,european,4.7,204.0,2.0,"Cal√ßada da Gra√ßa 20 B, 1100-266 Lisboa, Portugal","['Dine-in', 'Curbside pickup', 'No delivery']"
32,A Venda Lusitana,mediterranean,4.6,340.0,2.0,"R. do Telhal 75, 1150-345 Lisboa, Portugal","['Dine-in', 'Curbside pickup']"
33,Duque,mediterranean,4.6,1010.0,2.0,"R. do Duque 5, 1200-158 Lisboa, Portugal","['Dine-in', 'No delivery']"
34,Of√≠cio,south_america,4.5,584.0,2.0,"R. Nova da Trindade 11k, 1200-301 Lisboa, Portugal","['Dine-in', 'Takeaway', 'Delivery']"
35,Yak & Yeti,indian_nepalese,4.6,816.0,1.0,"Cal√ßada de Santo Andr√© 17, 1100-466 Lisboa, Portugal","['Dine-in', 'Takeaway', 'Delivery']"
36,Lisboa √† Noite,portuguese,4.5,678.0,3.0,"R. das G√°veas 69, 1200-206 Lisboa, Portugal","['Dine-in', 'No delivery']"
37,Lisbon You and Me,european,4.5,1459.0,1.0,"R. da Adi√ßa 58, 1100-118 Lisboa, Portugal","['Dine-in', 'Takeaway', 'No delivery']"
38,Epur,european,4.8,138.0,4.0,"Largo da Academia Nacional de Belas Artes 14, 1200-289 Lisboa, Portugal","['Dine-in', 'No delivery']"
39,Bono Lisboa,grill,4.9,115.0,,"Cal√ßada Ferragial 9, 1200-182 Lisboa, Portugal","['Dine-in', 'Delivery', 'No takeaway']"
40,Augusto Lisboa,brunch,4.8,1032.0,2.0,"Rua Santa M.nha 26, 1100-491 Lisboa, Portugal","['Dine-in', 'Takeaway', 'No delivery']"
41,A Cevicheria,south_america,4.4,2674.0,2.0,"R. Dom Pedro V 129, 1250-096 Lisboa, Portugal","['Dine-in', 'Takeaway', 'Delivery']"
42,Crisfama,mediterranean,4.8,649.0,1.0,"Rua da Cruz de Santa Apol√≥nia 56, 1100-188 Lisboa, Portugal","['Dine-in', 'Takeaway', 'No delivery']"
43,Sommelier Lisbon,european,4.6,514.0,3.0,"R. do Telhal 59, 1150-316 Lisboa, Portugal","['Dine-in', 'Takeaway', 'No delivery']"
44,Ramiro,seafood,4.5,11612.0,3.0,"Av. Alm. Reis 1 H, 1150-007 Lisboa, Portugal","['Dine-in', 'Drive-through', 'No-contact delivery']"
45,Estamin√© art food drink,bistro,4.8,226.0,,"Cal√ßada do Monte 86A, 1170-112 Lisboa, Portugal","['Dine-in', 'Takeaway', 'No delivery']"
46,Tapisco Lisboa,european,4.4,822.0,3.0,"R. Dom Pedro V 81, 1250-096 Lisboa, Portugal","['Dine-in', 'Takeaway', 'Delivery']"
49,Maria Catita,portuguese,4.5,1763.0,2.0,"Rua dos Bacalhoeiros 30, 1100-389 Lisboa, Portugal","['Dine-in', 'Takeaway', 'No delivery']"
50,Pateo - Bairro do Avillez,portuguese,4.3,4137.0,3.0,"R. Nova da Trindade 18, 1200-303 Lisboa, Portugal","['Dine-in', 'Takeaway']"
51,Gambrinus,portuguese,4.4,1199.0,4.0,"R. das Portas de Santo Ant√£o 23, 1150-264 Lisboa, Portugal","['Dine-in', 'Takeaway', 'No delivery']"
52,Restaurante Meson Andaluz,european,4.4,1081.0,2.0,"Tv. do Alecrim 4, 1200-019 Lisboa, Portugal","['Dine-in', 'Takeaway', 'Delivery']"
53,La Paparrucha,south_america,4.5,2307.0,3.0,"R. Dom Pedro V 18 20, 1250-094 Lisboa, Portugal","['Dine-in', 'Takeaway', 'Delivery']"
55,Lisboa √© Linda,cafe,4.6,674.0,2.0,"Tv. S√£o Paulo 9 13, 1200-431 Lisboa, Portugal","['Dine-in', 'Takeaway', 'Delivery']"
56,Loco,european,4.7,260.0,4.0,"R. Navegantes n¬∫53-B, 1200-731 Lisboa, Portugal","['Dine-in', 'No takeaway', 'No delivery']"
57,Nossa Lisboa,cafe,4.4,579.0,,"R. Joaquim Bonif√°cio 20A, 1150-134 Lisboa, Portugal","['Dine-in', 'Drive-through', 'No-contact delivery']"
58,Porter,bistro,4.4,121.0,,"Rua do Arsenal 146, 1100-041 Lisboa, Portugal","['Dine-in', 'Takeaway', 'No delivery']"
60,Coppola,pizza,4.9,89.0,2.0,"Pra√ßa das Flores 56, 1200-250 Lisboa, Portugal","['Dine-in', 'Takeaway', 'Delivery']"
61,A Nossa Casa,european,4.8,706.0,2.0,"R. da Atalaia 31, 1200-037 Lisboa, Portugal","['Dine-in', 'Takeaway', 'Delivery']"
62,Essencial,european,4.8,107.0,,"R. da Rosa 176, 1200-390 Lisboa, Portugal",['Dine-in']
64,Sanskar Nepal,indian_nepalese,4.7,915.0,1.0,"das, R. Chagas 25 27, 1200-106 Lisboa, Portugal","['Dine-in', 'Takeaway', 'Delivery']"
65,Restaurante Floresta das Escadinhas,grill,4.6,1041.0,1.0,"R. de Santa Justa 3, 1100-213 Lisboa, Portugal","['Dine-in', 'Curbside pickup', 'No delivery']"
66,Sucolento,chicken,4.7,455.0,,"R. do Instituto Industrial 7H, 1200-225 Lisboa, Portugal","['Dine-in', 'Takeaway']"
67,"LOOP restaurante, caf√©, mercearia",japanese,4.9,27.0,,"Largo Agostinho da Silva 1, 1200-009 Lisboa, Portugal","['Dine-in', 'Takeaway']"
68,Vers√≠culo d'O Faia,portuguese,4.7,481.0,2.0,"R. da Barroca 60A, 1200-050 Lisboa, Portugal","['Dine-in', 'No delivery']"
69,Lugar Marcado,pasta,4.6,210.0,,"Rua Regedor 7 entre o Largo do Caldas e o, Largo S√£o Crist√≥v√£o n, 1100-433 Lisboa, Portugal","['Dine-in', 'No delivery']"
70,Adega Dom Luis,european,4.7,206.0,2.0,"Rua Lu√≠s Fernandes 24, 1200-424 Lisboa, Portugal","['Dine-in', 'Takeaway', 'No delivery']"
71,Est√≥rias na Casa da Comida,european,4.5,372.0,3.0,"Travessa das Amoreiras 1, 1250-025 Lisboa, Portugal","['Dine-in', 'Takeaway', 'Delivery']"
72,da Prata 52,european,4.7,1211.0,2.0,"Rua da Prata 52, 1100-150 Lisboa, Portugal","['Dine-in', 'Takeaway', 'No delivery']"
73,Taberna da Rua das Flores,european,4.3,1342.0,2.0,"Rua das Flores 103, 1200-194 Lisboa, Portugal","['Dine-in', 'Takeaway', 'No delivery']"
74,Sr. Lisboa,european,4.5,1084.0,2.0,"R. S√£o Jos√© n134 136, 1150-325 Lisboa, Portugal","['Dine-in', 'Takeaway']"
75,Clube de Jornalistas,european,4.6,660.0,3.0,"R. das Trinas 129, 1200-857 Lisboa, Portugal","['Dine-in', 'Takeaway', 'Delivery']"
76,HAWAII POKE-IN,mexican,4.9,211.0,1.0,"R. das Taipas 37, 1250-092 Lisboa, Portugal","['Dine-in', 'Takeaway', 'Delivery']"
77,Bairrices,european,4.6,463.0,2.0,"Tv. do Carvalho 27, 1200-097 Lisboa, Portugal","['Dine-in', 'Takeaway', 'No delivery']"
78,Organi Chiado,veggie_healthy,4.7,1204.0,2.0,"Cal√ßada Nova de S√£o Francisco 2, 1200-300 Lisboa, Portugal","['Dine-in', 'Takeaway', 'Delivery']"
79,Ol√° Nepal,indian_nepalese,4.6,1193.0,,"Rua do Conde de Redondo 121A, 1150-104 Lisboa, Portugal","['Dine-in', 'Curbside pickup', 'No-contact delivery']"
80,Dede's,brunch,4.9,202.0,,"R. de Sant'Ana √† Lapa 33, 1200-796 Lisboa, Portugal","['Dine-in', 'Takeaway', 'Delivery']"
81,Maruto,bistro,4.6,509.0,2.0,"R. Cais de Santar√©m 30, 1100-603 Lisboa, Portugal",['nan']
82,Akla,portuguese,4.4,128.0,,"R. Castilho 149D, 1099-034 Lisboa, Portugal","['Dine-in', 'No delivery']"
83,Leo Restaurant,africa_ME,4.6,443.0,1.0,"Rua do Zaire 17C, 1170-397 Lisboa, Portugal","['Dine-in', 'Takeaway', 'No-contact delivery']"
85,Caf√© do Rio - Hamburgueria Gourmet,burger,4.6,1079.0,2.0,"Rua da Alf√¢ndega 114, 1100-016 Lisboa, Portugal","['Dine-in', 'Takeaway', 'Delivery']"
86,Bistr√¥ Gato pardo,bistro,4.6,623.0,2.0,"R. de S√£o Vicente nr 10, 1100-574 Lisboa, Portugal","['Dine-in', 'Takeaway', 'No delivery']"
87,M‚Äôarrecreo Pizzeria,pizza,4.7,528.0,2.0,"R. de S√£o Pedro de Alc√¢ntara 35, 1200-270 Lisboa, Portugal","['Dine-in', 'Delivery']"
88,IIIMPAR,grill,4.6,612.0,2.0,"R. Nova de S√£o Mamede 23, 1250-172 Lisboa, Portugal","['Dine-in', 'Takeaway', 'Delivery']"
90,Solar dos Presuntos,seafood,4.5,2900.0,,"junto ao Elevador do Lavra, R. das Portas de Santo Ant√£o 150, 1150-269 Lisboa, Portugal","['Dine-in', 'Takeaway', 'No-contact delivery']"
91,O Coradinho,burger,4.3,477.0,1.0,"R. de Santa Marta 4, 1150-295 Lisboa, Portugal","['Dine-in', 'Takeaway']"
92,Al Garage,italian,4.4,2470.0,2.0,"R. Castilho 63, 1250-068 Lisboa, Portugal","['Dine-in', 'Takeaway', 'Delivery']"
93,Matt√´ Lisboa,japanese,4.6,106.0,,"Cal√ßada Marqu√™s Abrantes 22, 1200-719 Lisboa, Portugal","['Dine-in', 'No delivery']"
95,Boi-Cavalo Restaurante,portuguese,4.1,233.0,,"R. do Vig√°rio 70B, 1100-616 Lisboa, Portugal","['Dine-in', 'No takeaway', 'No delivery']"
96,Lisbo√®te,european,4.6,146.0,,"Cal√ßada Marqu√™s Abrantes 94, 1200-720 Lisboa, Portugal","['Dine-in', 'No delivery']"
99,Carmo,bar,4.3,921.0,2.0,"Largo do Carmo 11, 1200-022 Lisboa, Portugal","['Dine-in', 'Takeaway', 'No delivery']"
100,Leve Leve - Tapas Bar,european,4.6,1119.0,1.0,"Tv. da Boa Hora 39, 1200-011 Lisboa, Portugal","['Dine-in', 'Takeaway', 'No delivery']"
101,T√°gide,european,4.3,481.0,2.0,"Largo da Academia Nacional de Belas Artes 18-20, 1200-005 Lisboa, Portugal","['Dine-in', 'No takeaway', 'No delivery']"
102,Pizzeria Romana BIO,pizza,4.6,845.0,,"R. de S√£o Jo√£o da Pra√ßa 75, 1100-519 Lisboa, Portugal","['Dine-in', 'Curbside pickup', 'No-contact delivery']"
103,Stasha,mediterranean,4.4,955.0,2.0,"R. das G√°veas 21 a 33, 1200-206 Lisboa, Portugal","['Dine-in', 'Takeaway']"
105,Legumi Sushi Vegan,veggie_healthy,4.7,295.0,,"Cal√ßada do Combro 56, 1200-452 Lisboa, Portugal","['Dine-in', 'Takeaway', 'Delivery']"
106,Bastardo,pasta,4.3,688.0,2.0,"Rua da Betesga, 1100-090 Lisboa, Portugal",['nan']
107,Taverna Alfacinha,mediterranean,4.5,531.0,,"R. dos Sapateiros, 1100-577 Lisboa, Portugal","['Dine-in', 'Takeaway']"
108,Mini Bar Theater Jos√© Avillez,bar,4.5,815.0,,"R. Nova da Trindade 18, 1200-235 Lisboa, Portugal","['Dine-in', 'No takeaway', 'No delivery']"
109,Flor de Lis,brunch,4.8,25.0,,"Av. Eng. Duarte Pacheco 15, 1070-100 Lisboa, Portugal","['Dine-in', 'Takeaway', 'No delivery']"
111,Forno d'Oro,italian,4.6,2604.0,2.0,"R. Artilharia 1 16b, 1250-039 Lisboa, Portugal","['Dine-in', 'Takeaway', 'Delivery']"
112,Season,european,4.7,257.0,,"R. Nova da Piedade 62, 1200-299 Lisboa, Portugal","['Dine-in', 'Takeaway']"
113,Eating Bear,european,4.5,396.0,2.0,"R. da Madalena 62/64, 1100-404 Lisboa, Portugal","['Dine-in', 'Takeaway']"
116,CARMO TABERNA PORTUGUESA E WINE BAR,bar,4.4,63.0,,"R. da Barroca 70, 1200-000 Lisboa, Portugal","['Dine-in', 'No delivery']"
117,A Loja do Sr. Rocha,cafe,4.6,145.0,1.0,"Cal√ßada da Estrela 68, 1200-667 Lisboa, Portugal","['Dine-in', 'Takeaway', 'No delivery']"
118,Grapes & Bites - Hostel and Wines,european,4.4,643.0,,"R. do Norte 85, 1200-284 Lisboa, Portugal",['Dine-in']
121,O Canastro,portuguese,4.3,130.0,,"Cal√ßada Santana 49, 1150-320 Lisboa, Portugal","['Dine-in', 'Takeaway', 'No delivery']"
125,Restaurante Bota Alta,portuguese,4.2,618.0,2.0,"Tv. da Queimada 37, 1200-364 Lisboa, Portugal","['Dine-in', 'Takeaway', 'Delivery']"
126,Vegan Junkies,veggie_healthy,4.7,396.0,2.0,"R. Luciano Cordeiro 28, 1150-300 Lisboa, Portugal","['Dine-in', 'Takeaway', 'Delivery']"
128,The George,bar,4.3,1714.0,2.0,"R. do Crucifixo 58 66, 1100-184 Lisboa, Portugal","['Dine-in', 'No delivery']"
130,Pizzaria Luzzo,pizza,4.4,1384.0,2.0,"R. de Santa Marta 37A C, 1150-005 Lisboa, Portugal","['Dine-in', 'Takeaway', 'Delivery']"
134,Wel Well Center,brunch,5.0,16.0,,"R. Marcos Portugal 18A, 1200-258 Lisboa, Portugal","['Dine-in', 'Takeaway']"
138,Manny's Place Lisbon,european,5.0,1.0,,"R. da Barroca 92, 1200-190 Lisboa, Portugal","['Dine-in', 'Takeaway']"
141,BellaPasta,pasta,3.3,182.0,,"R. Augusta 278, 1100-202 Lisboa, Portugal","['Dine-in', 'Takeaway', 'No delivery']"
143,Santa Lisboa,portuguese,4.1,9.0,,"R. de S√£o Jo√£o da Pra√ßa 103, 1100-585 Lisboa, Portugal",['Dine-in']
144,Moma,grill,3.2,442.0,2.0,"R. dos Correeiros 16, 1100-166 Lisboa, Portugal","['Dine-in', 'Takeaway']"
148,Taco Locoo,south_america,4.7,332.0,,"Rua do Conde de Redondo 119A, 1150-294 Lisboa, Portugal","['Dine-in', 'Takeaway', 'Delivery']"
149,Boa-Bao,asian,4.4,3621.0,3.0,"Largo Rafael Bordalo Pinheiro 30, 1200-369 Lisboa, Portugal","['Dine-in', 'Takeaway', 'Delivery']"
152,Bistro 100 Maneiras,european,4.4,1457.0,3.0,"Largo da Trindade 9, 1200-466 Lisboa, Portugal",['nan']
153,Varanda Restaurant,portuguese,4.5,90.0,,"R. Rodrigo da Fonseca 88, 1099-039 Lisboa, Portugal","['Dine-in', 'No takeaway']"
154,Pesca,seafood,4.6,187.0,,"R. da Escola Polit√©cnica 27, 1250-099 Lisboa, Portugal",['nan']
156,Trinca,mexican,4.8,195.0,,"Rua dos Anjos 59C, 1150-034 Lisboa, Portugal","['Dine-in', 'Curbside pickup', 'Delivery']"
157,Kerala,indian_nepalese,4.8,459.0,2.0,"R. Passos Manuel 14, 1150-260 Lisboa, Portugal","['Dine-in', 'Takeaway', 'Delivery']"
158,Focaccia in Giro,veggie_healthy,4.6,277.0,1.0,"Campo de Santa Clara 141, 1100-474 Lisboa, Portugal","['Dine-in', 'Takeaway', 'No delivery']"
159,Li28oa,european,4.8,199.0,,"R. Cegos 6, 1100-466 Lisboa, Portugal","['Dine-in', 'Takeaway', 'No delivery']"
160,Royal Spice Restaurante,chicken,4.6,386.0,1.0,"Rua do Conde de Redondo 127, 1150-104 Lisboa, Portugal","['Dine-in', 'Takeaway', 'No-contact delivery']"
161,Flor da Laranja,africa_ME,4.6,294.0,2.0,"R. da Rosa 206, 1200-348 Lisboa, Portugal","['Dine-in', 'Takeaway', 'No delivery']"
162,Afuri,japanese,4.4,525.0,2.0,"R. Paiva de Andrade 7 13, 1200-310 Lisboa, Portugal","['Dine-in', 'Takeaway', 'Delivery']"
163,Paladarium,mediterranean,4.6,374.0,,"Largo Ch√£o do Loureiro 3, 1100-145 Lisboa, Portugal","['Dine-in', 'Takeaway', 'No delivery']"
164,Gurkha Restaurant & Bar (S√£o Bento),indian_nepalese,4.5,438.0,2.0,"R. de S√£o Bento 318, 1200-817 Lisboa, Portugal","['Dine-in', 'Takeaway', 'Delivery']"
165,Casanostra,italian,4.5,476.0,2.0,"Tv. do Po√ßo da Cidade 60, 1200-334 Lisboa, Portugal","['Dine-in', 'Takeaway', 'Delivery']"
166,Paralelo 45,european,4.5,261.0,2.0,"R. Castilho 27B, 1250-067 Lisboa, Portugal","['Dine-in', 'No delivery']"
167,Manifest Lisbon,brunch,4.7,700.0,2.0,"Rua da Sociedade Farmac√™utica 31, 1150-103 Lisboa, Portugal","['Dine-in', 'Takeaway', 'Delivery']"
168,Via Gra√ßa,mediterranean,4.5,549.0,3.0,"R. Damasceno Monteiro 9 b, 1170-108 Lisboa, Portugal","['Dine-in', 'No delivery']"
169,Eight - The Health Lounge,veggie_healthy,4.7,1445.0,,"Pra√ßa da Figueira 12A, 1100-241 Lisboa, Portugal","['Dine-in', 'Takeaway', 'Delivery']"
170,Alfama Doce,pastry,4.7,597.0,1.0,"R. da Regueira 39, 1100-219 Lisboa, Portugal","['Dine-in', 'Takeaway']"
171,Chutnify Principe Real,veggie_healthy,4.4,480.0,2.0,"Travessa da Palmeira 44, 1200-311 Lisboa, Portugal","['Dine-in', 'Takeaway', 'Delivery']"
173,Baixamar - Mariscos e Petiscos,seafood,4.5,558.0,2.0,"Rua dos Bacalhoeiros 28 B, 1100-071 Lisboa, Portugal","['Dine-in', 'Takeaway']"
175,Cervejaria Liberdade,portuguese,4.5,207.0,,"Tivoli, Av. da Liberdade 185, 1269-050 Lisboa, Portugal","['Dine-in', 'No delivery']"
176,Krua Thai,asian,4.8,82.0,,"R. das Farinhas 8, 1100-179 Lisboa, Portugal","['Takeaway', 'Delivery', 'No dine-in']"
178,Instant Crunch,european,4.8,222.0,2.0,"R. da M√£e de √Ågua 9, 1250-154 Lisboa, Portugal","['Dine-in', 'Delivery']"
180,Santelmo,european,4.8,697.0,2.0,"R. do Po√ßo dos Negros 188, 1200-425 Lisboa, Portugal","['Dine-in', 'Drive-through', 'No-contact delivery']"
181,The Food Temple,veggie_healthy,4.5,752.0,2.0,"Beco do Jasmim 18, 1100-289 Lisboa, Portugal","['Dine-in', 'Takeaway', 'Delivery']"
182,A Obra,european,4.7,338.0,,"R. da Silva 21, 1200-446 Lisboa, Portugal","['Dine-in', 'Takeaway', 'Delivery']"
184,As Velhas,portuguese,4.5,440.0,2.0,"R. da Concei√ß√£o da Gl√≥ria 21, 1250-079 Lisboa, Portugal","['Dine-in', 'Curbside pickup', 'Delivery']"
185,The Decadente,bar,4.2,1420.0,2.0,"R. de S√£o Pedro de Alc√¢ntara 81, 1250-238 Lisboa, Portugal",['Dine-in']
186,Il Covo,pasta,4.6,229.0,2.0,"R. do Cura 3A, 1200-644 Lisboa, Portugal",['nan']
187,Altar,pasta,4.6,257.0,,"Largo Rodrigues de Freitas 21, 1100-495 Lisboa, Portugal","['Dine-in', 'Takeaway']"
188,Il Basilico Lisboa,bistro,4.4,171.0,2.0,"R. Duque de Palmela 32, 1250-098 Lisboa, Portugal","['Dine-in', 'Takeaway']"
189,Caf√© de S√£o Bento,cafe,4.6,672.0,3.0,"R. de S√£o Bento 212, 1200-821 Lisboa, Portugal","['Dine-in', 'No delivery']"
190,O Arco,portuguese,4.5,657.0,2.0,"R. dos Sapateiros 161 163, 1100-577 Lisboa, Portugal","['Dine-in', 'Takeaway']"
191,Lisboa Tu e Eu 2,chicken,4.7,556.0,2.0,"Escadinhas das Portas do Mar 4, 1100-119 Lisboa, Portugal","['Dine-in', 'Takeaway', 'No delivery']"
192,Oficina do Duque,chicken,4.6,1446.0,,"Cal√ßada do Duque 43 A, 1200-155 Lisboa, Portugal","['Dine-in', 'Takeaway', 'No delivery']"
194,Pal√°cio Chiado,bar,4.5,2692.0,2.0,"R. do Alecrim 70, 1200-018 Lisboa, Portugal","['Dine-in', 'Curbside pickup', 'Delivery']"
195,A Cultura do Hamb√∫rguer,burger,4.7,3224.0,1.0,"R. da Atalaia 57, 1200-043 Lisboa, Portugal","['Dine-in', 'Takeaway', 'Delivery']"
198,Lumi - Restaurante & Bar,bar,4.5,264.0,,"R. de S√£o Pedro de Alc√¢ntara 35, 1250-237 Lisboa, Portugal","['Dine-in', 'No takeaway', 'No delivery']"
199,Restaurante 100 Maneiras,bistro,4.7,224.0,4.0,"R. do Teixeira 39, 1200-459 Lisboa, Portugal","['Dine-in', 'No takeaway', 'No delivery']"
201,Penalva Da Gra√ßa,seafood,4.5,571.0,1.0,"Rua da Gra√ßa 26, 1170-170 Lisboa, Portugal","['Dine-in', 'Takeaway', 'No delivery']"
203,Khayyam Persian restaurant,mediterranean,4.5,156.0,,"R. do Jasmim 16, 1200-228 Lisboa, Portugal","['Dine-in', 'Drive-through', 'Delivery']"
204,Lost In,bar,4.3,2333.0,2.0,"R. Dom Pedro V N¬∫56-D, 1250-094 Lisboa, Portugal","['Dine-in', 'Curbside pickup', 'Delivery']"
205,Ghoroa,africa_ME,4.4,595.0,1.0,"Tv. do Benformoso 2, 1100-087 Lisboa, Portugal","['Dine-in', 'Takeaway', 'Delivery']"
206,Simplesmente Pizza Bar,pizza,4.5,398.0,2.0,"R. da Atalaia n¬∫108, 1200-043 Lisboa, Portugal","['Dine-in', 'Takeaway', 'Delivery']"
207,O Trigueirinho,grill,4.6,1034.0,1.0,"Largo dos Trigueiros 17, 1100-611 Lisboa, Portugal","['Dine-in', 'Takeaway']"
208,Taberna Albricoque,mediterranean,4.6,203.0,,"R. Caminhos de Ferro n¬∫98, 1100-395 Lisboa, Portugal","['Dine-in', 'No delivery']"
209,"Yakuza by Olivier, Lisboa",japanese,4.7,960.0,,"Hotel Avani, R. J√∫lio C√©sar Machado 7, 1250-135 Lisboa, Portugal","['Dine-in', 'Drive-through', 'Delivery']"
210,A Parreirinha do Para√≠so,european,4.6,507.0,1.0,"Rua do Para√≠so 40C, 1100-395 Lisboa, Portugal","['Dine-in', 'Takeaway']"
211,O Trevo,portuguese,4.4,1077.0,1.0,"Pra√ßa Lu√≠s de Cam√µes 48, 1200-283 Lisboa, Portugal","['Dine-in', 'Takeaway', 'No delivery']"
212,Blue Restaurant & Bar,bar,4.5,79.0,,"R. Barata Salgueiro 55, 1250-189 Lisboa, Portugal",['nan']
213,Sabor a Lisboa,portuguese,4.4,711.0,1.0,"R. de Santa Marta 18C, 1150-295 Lisboa, Portugal","['Dine-in', 'Takeaway']"
214,Restaurante Rodas,mediterranean,4.4,1173.0,1.0,"Largo do Rato 10A, 1250-186 Lisboa, Portugal","['Dine-in', 'Takeaway']"
215,"Maria Lim√£o Brunch, Crepes, Limonadas Lisboa",brunch,4.5,417.0,1.0,"Rua da Gra√ßa 127, 1170-168 Lisboa, Portugal","['Dine-in', 'Takeaway', 'Delivery']"
216,K.O.B,grill,4.5,892.0,3.0,"R. do Salitre 169, 1250-043 Lisboa, Portugal","['Dine-in', 'Takeaway', 'Delivery']"
217,Zazah,mediterranean,4.4,412.0,,"R. de S√£o Mar√ßal 111, 1200-420 Lisboa, Portugal",['Dine-in']
218,Gin Lovers Bar & Restaurant,bar,4.6,746.0,3.0,"Pra√ßa do Pr√≠ncipe Real 26, 1250-184 Lisboa, Portugal",['Dine-in']
220,Armaha Restaurant,portuguese,4.5,327.0,,"Travessa da √Ågua da Flor 7A, 1200-011 Lisboa, Portugal","['Dine-in', 'Drive-through', 'No-contact delivery']"
221,b≈çmau,fast_food,4.7,111.0,,"R. Alexandre Herculano 61, 1250-012 Lisboa, Portugal","['Dine-in', 'Takeaway', 'Delivery']"
222,Vicente,grill,4.4,653.0,2.0,"Rua das Flores 6, 1200-195 Lisboa, Portugal","['Dine-in', 'Takeaway', 'No delivery']"
223,India gate,africa_ME,4.5,550.0,1.0,"Rua da Padaria 18, 1100-389 Lisboa, Portugal","['Dine-in', 'Curbside pickup', 'No-contact delivery']"
225,VDB Bistronomie,bistro,4.6,202.0,,"R. Canastras 8, 1100-112 Lisboa, Portugal","['Dine-in', 'Takeaway']"
227,InkFarmFood - Organic food & juices. Israeli Cuisine,veggie_healthy,4.7,290.0,,"R. Mal. Saldanha 6, 1200-109 Lisboa, Portugal",['nan']
228,Spice Hut Tandoori,indian_nepalese,4.6,351.0,,"R. do Benformoso 270, 1100-087 Lisboa, Portugal","['Dine-in', 'Takeaway', 'Delivery']"
229,Kaffeehaus,european,4.4,1225.0,2.0,"R. Anchieta 3, 1200-023 Lisboa, Portugal","['Dine-in', 'Curbside pickup', 'Delivery']"
230,Atalho Real,grill,4.5,2830.0,2.0,"Cal√ßada da Patriarcal 40, 1250-182 Lisboa, Portugal","['Dine-in', 'Takeaway', 'Delivery']"
231,Restaurante XL,grill,4.5,178.0,3.0,"Cal√ßada da Estrela 57, 1200-661 Lisboa, Portugal",['nan']
233,PSI,veggie_healthy,4.5,1669.0,2.0,"Alameda Santo Ant√≥nio dos Capuchos, 1150-314 Lisboa, Portugal","['Dine-in', 'Takeaway', 'Delivery']"
234,Tapa Bucho,european,4.5,792.0,2.0,"R. do Di√°rio de Not√≠cias 124, 1200-141 Lisboa, Portugal","['Dine-in', 'Takeaway', 'No delivery']"
235,OMONNI FRIED CHICKEN,chicken,4.8,56.0,,"Tv. da Espera 38, 1200-283 Lisboa, Portugal",['nan']
236,Unique Sushi Lab,japanese,4.4,486.0,2.0,"Travessa do Enviado de Inglaterra 9, 1150-297 Lisboa, Portugal","['Dine-in', 'Delivery']"
237,Princesa do Castelo,veggie_healthy,4.4,508.0,2.0,"Rua do Salvador 64A, 1100-466 Lisboa, Portugal","['Dine-in', 'Takeaway']"
238,JNcQUOI Asia,asian,4.6,903.0,4.0,"Av. da Liberdade 144, 1250-146 Lisboa, Portugal","['Dine-in', 'Takeaway', 'Delivery']"
239,RD's Restaurante and cafe,indian_nepalese,4.7,240.0,1.0,"R. Nat√°lia Correia 6B, 1170-270 Lisboa, Portugal","['Dine-in', 'Drive-through']"
240,Taberna - Bairro do Avillez,mediterranean,4.3,362.0,2.0,"R. Nova da Trindade 18, 1200-303 Lisboa, Portugal","['Dine-in', 'Curbside pickup']"
241,Pizzaria Lisboa,pizza,4.4,1152.0,2.0,"R. Nova da Trindade 18, 1200-235 Lisboa, Portugal","['Dine-in', 'Takeaway']"
242,Verde Minho,grill,4.6,536.0,1.0,"Cal√ßada Santana 17, 1150-169 Lisboa, Portugal","['Dine-in', 'Takeaway', 'No delivery']"
244,BBQ Tonight,africa_ME,4.6,297.0,,"R. dos Fanqueiros 203, 1100-229 Lisboa, Portugal","['Dine-in', 'Takeaway', 'Delivery']"
245,Restaurant Mar ao Largo,grill,4.2,291.0,2.0,"Largo Rafael Bordalo Pinheiro n 28, 1200-369 Lisboa, Portugal","['Dine-in', 'No delivery']"
246,Jardim dos Sentidos,veggie_healthy,4.5,1525.0,2.0,"R. da M√£e de √Ågua 3, 1250-154 Lisboa, Portugal",['nan']
247,Petiscaria Ideal,portuguese,4.3,286.0,2.0,"Rua da Esperan√ßa 100, 1200-000 Lisboa, Portugal","['Dine-in', 'Takeaway', 'No delivery']"
248,Chapit√¥ √† Mesa,grill,4.2,3186.0,2.0,"Costa do Castelo 7, 1149-079 Lisboa, Portugal","['Dine-in', 'No delivery']"
249,Bengal Tandoori - Restaurante Indiano Lisbon,indian_nepalese,4.3,641.0,2.0,"Rua da Alegria 23, 1250-005 Lisboa, Portugal","['Dine-in', 'Takeaway', 'Delivery']"
251,#Treestory,africa_ME,4.6,575.0,2.0,"R. Luciano Cordeiro 46A, 1150-069 Lisboa, Portugal","['Dine-in', 'Takeaway', 'Delivery']"
252,Rossio Gastrobar,bar,4.5,228.0,,"R. 1¬∫ de Dezembro 118, 1200-360 Lisboa, Portugal","['Dine-in', 'No delivery']"
253,O Sopinhas,chicken,4.2,555.0,1.0,"R. da Madalena 50 R/C, 1100-321 Lisboa, Portugal","['Dine-in', 'Takeaway']"
255,Gandhi Palace,italian,4.3,936.0,2.0,"Rua Douradores Loja 167-169-171, 173, 1100-205 Lisboa, Portugal","['Dine-in', 'Takeaway', 'Delivery']"
256,Dama E Vagabundo,pasta,4.3,709.0,,"Rua da Betesga 1, 1100-202 Lisboa, Portugal","['Dine-in', 'Takeaway', 'Delivery']"
257,Frangasqueira Nacional,chicken,4.4,994.0,1.0,"Tv. Monte do Carmo 19, 1200-276 Lisboa, Portugal","['Dine-in', 'Takeaway']"
258,Populi By Terra Nova,mediterranean,3.9,603.0,2.0,"Pra√ßa do Com√©rcio, 1100-148 Lisboa, Portugal",['Dine-in']
259,Le√£o d'Ouro,portuguese,4.0,1802.0,1.0,"R. 1¬∫ de Dezembro 105, 1200-090 Lisboa, Portugal","['Dine-in', 'Takeaway']"
260,Restaurante A Gina,mediterranean,4.2,1775.0,2.0,"Parque Mayer, 1250-096 Lisboa, Portugal","['Dine-in', 'Takeaway', 'No delivery']"
261,1¬∫ de Maio,portuguese,4.4,389.0,2.0,"R. da Atalaia 8, 1200-086 Lisboa, Portugal","['Dine-in', 'Takeaway', 'No delivery']"
264,Tasca do Franc√™s,bistro,4.4,180.0,,"Rua da Cruz dos Poiais 89, 1200-136 Lisboa, Portugal","['Dine-in', 'Takeaway', 'Delivery']"
265,Piri-Piri,chicken,3.7,333.0,,"R. do Arco do Marqu√™s de Alegrete 9, 1100-034 Lisboa, Portugal","['Dine-in', 'Takeaway']"
266,Bonjardim,chicken,4.0,2299.0,2.0,"Tv. de Santo Ant√£o 11, 1150-312 Lisboa, Portugal","['Dine-in', 'Takeaway', 'Delivery']"
267,Tapas n' Friends S√©,european,4.1,316.0,2.0,"Cruzes da S√© 25, 1100-585 Lisboa, Portugal","['Dine-in', 'Takeaway']"
268,"Gruta Camoes, Mario",seafood,4.0,197.0,1.0,"R. da Miseric√≥rdia 55, 1200-283 Lisboa, Portugal","['Dine-in', 'Takeaway', 'No delivery']"
269,Can the Can Lisboa,seafood,3.4,577.0,2.0,"Pra√ßa do Com√©rcio 82 83, 1100-148 Lisboa, Portugal","['Dine-in', 'Takeaway', 'No delivery']"
270,A Muralha Tasca T√≠pica Lisboa,seafood,4.4,813.0,1.0,"R. Jardim do Tabaco 112, 1100-139 Lisboa, Portugal","['Dine-in', 'Takeaway', 'Delivery']"
271,Prima Pasta,pasta,4.2,567.0,2.0,"R. da Madalena, 1100-318 Lisboa, Portugal","['Dine-in', 'Takeaway']"
272,Food Corner Marlene Vieira,portuguese,4.2,371.0,2.0,"Time Out Market, Av. 24 de Julho, 1200-479 Lisboa, Portugal","['Dine-in', 'Takeaway', 'Delivery']"
273,BarAlto,bar,4.3,219.0,,"R. do Di√°rio de Not√≠cias 31, 1200-141 Lisboa, Portugal","['Dine-in', 'Takeaway', 'No delivery']"
275,Allfama Portuguese Cuisine,portuguese,4.1,482.0,,"Rua do Para√≠so 112, 1100-445 Lisboa, Portugal","['Dine-in', 'Takeaway', 'Delivery']"
277,Figus,burger,4.2,858.0,2.0,"Pra√ßa da Figueira 17, 1100-241 Lisboa","['Dine-in', 'Takeaway']"
278,Allfama Too,chicken,4.0,253.0,,"Largo de S√£o Rafael 2, 1100-117 Lisboa","['Dine-in', 'Takeaway', 'No delivery']"
279,Restaurante IL Carpaccio,pasta,2.6,109.0,,"R. dos Correeiros 153, 1100-619 Lisboa","['Dine-in', 'Takeaway', 'Delivery']"
280,Caf√© Buenos Aires,south_america,4.3,799.0,3.0,"Cal√ßada do Duque 31B, 1200-155 Lisboa","['Dine-in', 'Takeaway', 'Delivery']"
281,Casanova,pizza,4.5,2936.0,2.0,"Av. Infante Dom Henrique Loja 7, 1900-264 Lisboa","['Dine-in', 'Takeaway', 'Delivery']"
282,3 Amigos,mexican,4.4,163.0,,"R. do Telhal 89D, 1150-150 Lisboa","['Dine-in', 'Takeaway']"
283,Santa Clara dos Cogumelos,veggie_healthy,4.7,641.0,2.0,"Mercado de Santa Clara, Campo de Santa Clara, 1100-472 Lisboa","['Dine-in', 'No delivery']"
286,Taste of Pakistan,africa_ME,4.4,264.0,1.0,"R. de S√£o Pedro M√°rtir 46, 1100-528 Lisboa","['Dine-in', 'Takeaway']"
287,Tavares,european,4.3,98.0,4.0,"R. da Miseric√≥rdia 37 R/C, 1200-270 Lisboa",['nan']
289,Solar 31 da Cal√ßada,seafood,4.5,1297.0,2.0,"Cal√ßada Garcia 31, 1150-169 Lisboa","['Dine-in', 'Takeaway', 'No-contact delivery']"
291,New Himalaia,indian_nepalese,4.3,559.0,1.0,"R. S√£o Jos√© 105, 1150-322 Lisboa, Portugal","['Dine-in', 'Takeaway', 'Delivery']"
293,In Bocca Al Lupo,pizza,4.3,528.0,2.0,"R. Manuel Bernardes 5, 1200-009 Lisboa, Portugal","['Dine-in', 'Takeaway', 'No-contact delivery']"
295,Sacramento do Chiado,portuguese,4.4,1587.0,2.0,"Cal√ßada do Sacramento 40 a 46, 1200-394 Lisboa, Portugal","['Dine-in', 'Takeaway', 'No delivery']"
296,O Carvoeiro,burger,4.1,335.0,2.0,"Cal√ßada de S√£o Vicente 70, 1100-608 Lisboa, Portugal","['Dine-in', 'Takeaway', 'No delivery']"
297,Bem-Haja Lisboa,portuguese,4.2,213.0,2.0,"R. Marcos Portugal 3, 1200-246 Lisboa, Portugal","['Dine-in', 'Takeaway', 'No delivery']"
298,BouBou's,mediterranean,4.5,317.0,,"R. Monte Olivete 32A, 1200-280 Lisboa, Portugal","['Dine-in', 'Curbside pickup', 'No delivery']"
301,Esperan√ßa,italian,4.3,289.0,2.0,"R. do Norte 95, 1200-284 Lisboa","['Dine-in', 'Takeaway', 'Delivery']"
302,Restaurante Grill D. Fernando,grill,4.4,21.0,,"R. Castilho 11, 1250-072 Lisboa","['Dine-in', 'No delivery']"
306,Cais da Pedra,burger,4.1,812.0,2.0,"Armazem B, loja 9, Av. Infante Dom Henrique, 1900-264 Lisboa","['Dine-in', 'Takeaway', 'Delivery']"
308,Pastaria,pasta,4.9,218.0,2.0,"Largo Santa B√°rbara 8f, 1150-287 Lisboa, Portugal","['Dine-in', 'Takeaway', 'Delivery']"
309,Cantinho do Aziz,africa_ME,4.1,2269.0,2.0,"R. de S√£o Louren√ßo 5, 1100-530 Lisboa, Portugal","['Dine-in', 'Curbside pickup', 'No-contact delivery']"
310,O Chefe e o Mar,seafood,4.5,189.0,,"R. Convento da Encarna√ß√£o 1, 1150-169 Lisboa, Portugal","['Dine-in', 'Takeaway']"
311,Cafeh Tehran,mediterranean,4.6,443.0,2.0,"Pra√ßa das Flores 40, 1200-192 Lisboa, Portugal",['nan']
312,Tambarina,africa_ME,4.3,349.0,1.0,"R. do Po√ßo dos Negros 94, 1200-109 Lisboa, Portugal","['Dine-in', 'Takeaway']"
313,Madragoa Vinhos e Petiscos,european,4.1,115.0,2.0,"Rua da Esperan√ßa 156, 1200-656 Lisboa, Portugal","['Dine-in', 'Takeaway', 'No delivery']"
314,Alto do Bairro,european,4.8,59.0,,"Tv. Merc√™s n 6 A, 1200-268 Lisboa, Portugal",['nan']
315,Audrey¬¥s,cafe,4.4,549.0,2.0,"R. de Santiago 13, 1100-494 Lisboa","['Dine-in', 'Takeaway', 'No delivery']"
316,Noobai - Rooftop Bar e Restaurante,bar,4.3,2439.0,2.0,"Miradouro de Santa Catarina (Adamastor, 1200-401 Lisboa","['Dine-in', 'Takeaway', 'No delivery']"
317,Ganesha Palace,indian_nepalese,4.3,546.0,2.0,"Av. √Ålvares Cabral 48, 1250-018 Lisboa","['Dine-in', 'Takeaway', 'Delivery']"
319,Eat Pray Love Lisboa,asian,4.4,54.0,2.0,"Tv. do Carvalho 29, 1200-097 Lisboa","['Dine-in', 'Takeaway']"
320,O FAIA,fado,4.5,617.0,2.0,"R. da Barroca 54 56, 1200-050 Lisboa","['Dine-in', 'No takeaway', 'No delivery']"
321,Sr. Fado,fado,4.4,424.0,2.0,"R. dos Rem√©dios 176, 1100-304 Lisboa","['Dine-in', 'No delivery']"
322,Avenida SushiCaf√©,japanese,4.4,656.0,3.0,"R. Barata Salgueiro 28, 1250-044 Lisboa","['Dine-in', 'Takeaway', 'Delivery']"
325,Pizza Alif Kebab,africa_ME,4.5,666.0,,"R. Barros Queir√≥s 6, 1100-077 Lisboa","['Dine-in', 'Takeaway', 'Delivery']"
326,Trobadores - Taberna Medieval,bar,4.4,1184.0,2.0,"R. de S√£o Juli√£o n¬∫27, 1100-524 Lisboa","['Dine-in', 'Takeaway']"
327,French Arth,veggie_healthy,4.6,283.0,2.0,"R. de S√£o Bento 30, 1200-819 Lisboa","['Dine-in', 'Takeaway', 'No delivery']"
328,Clube de Fado - Fado & Food Group,fado,4.2,1200.0,3.0,"R. de S√£o Jo√£o da Pra√ßa 86, 1100-135 Lisboa","['Dine-in', 'No takeaway', 'No delivery']"
330,Best kebab & Pizza house,fast_food,4.4,249.0,,"R. da Atalaia 56, 1200-042 Lisboa","['Dine-in', 'Curbside pickup', 'No-contact delivery']"
333,Tasca da Esquina,european,4.3,757.0,3.0,"R. Domingos Sequeira 41C, 1350-119 Lisboa, Portugal","['Dine-in', 'Takeaway', 'Delivery']"
334,Guacamole,mexican,4.1,1146.0,2.0,"R. Moeda 2, 1200-275 Lisboa, Portugal","['Dine-in', 'Takeaway', 'No-contact delivery']"
335,Tapas Bar 47,european,3.8,342.0,2.0,"R. do Alecrim 47, 1200-015 Lisboa, Portugal",['nan']
336,Restaurante Casa da √çndia,chicken,4.2,1897.0,,"Rua do Loreto 49 51, 1200-471 Lisboa, Portugal","['Dine-in', 'Takeaway']"
338,O Bitoque da Mouraria,grill,4.3,59.0,,"R. das Olarias, 1100-380 Lisboa, Portugal","['Dine-in', 'Takeaway', 'Delivery']"
339,Ikigai Japanese Restaurant,japanese,4.8,45.0,,"R. Rosa Ara√∫jo 35, 1250-098 Lisboa, Portugal","['Dine-in', 'Takeaway', 'Delivery']"
341,Caxemira,indian_nepalese,4.5,425.0,2.0,"R. Condes de Monsanto 4, 1100-159 Lisboa, Portugal","['Dine-in', 'Takeaway', 'Delivery']"
342,Dhaka restaurant,africa_ME,3.8,254.0,1.0,"R. do Benformoso 220, 1100-395 Lisboa, Portugal","['Dine-in', 'Takeaway', 'Delivery']"
344,Hard Rock Cafe Lisbon,cafe,4.4,14763.0,2.0,"Av. da Liberdade 2, 1250-144 Lisboa, Portugal","['Dine-in', 'Takeaway', 'Delivery']"
345,O Botanista / Orte√° Vegan Collective,veggie_healthy,4.6,948.0,2.0,"Rua Dom Lu√≠s I 19, 1200-109 Lisboa, Portugal","['Dine-in', 'Takeaway', 'No-contact delivery']"
346,Fumeiro de Santa Catarina,south_america,4.6,325.0,2.0,"Tv. Alcaide 4C, 1200-013 Lisboa, Portugal","['Dine-in', 'Takeaway', 'No delivery']"
347,Pin√≥quio,seafood,4.1,2260.0,2.0,"R. de Santa Justa 54, 1100-485 Lisboa, Portugal","['Dine-in', 'Takeaway', 'Delivery']"
348,Tamarind,veggie_healthy,4.2,401.0,2.0,"Rua da Gl√≥ria 43, 1250-115 Lisboa, Portugal","['Dine-in', 'Takeaway', 'Delivery']"
351,Sol e Pesca,seafood,4.3,1066.0,1.0,"R. Nova do Carvalho 44, 1200-019 Lisboa, Portugal","['Dine-in', 'Takeaway', 'No delivery']"
352,S,european,4.2,332.0,2.0,"R. S√£o Filipe Neri 14, 1250-227 Lisboa, Portugal","['Dine-in', 'Takeaway', 'Delivery']"
353,Solar 31 - Peixe e Marisco,seafood,4.7,38.0,,"Cal√ßada Santana 1, 1150-169 Lisboa","['Dine-in', 'Curbside pickup', 'No-contact delivery']"
354,Caso S√©rio,portuguese,4.3,397.0,1.0,"Cruzes da S√© 5, 1100-192 Lisboa","['Dine-in', 'No takeaway']"
356,Han - Table Barbecue,grill,4.6,400.0,1.0,"R. Gomes Freire 11B, 1150-119 Lisboa","['Dine-in', 'Takeaway', 'No delivery']"
360,Jesus √© Go√™s,mediterranean,4.4,511.0,2.0,"R. S√£o Jos√© 23, 1150-352 Lisboa, Portugal","['Dine-in', 'Takeaway', 'No delivery']"
361,Jardim das Cerejas,veggie_healthy,4.5,1246.0,1.0,"Cal√ßada do Sacramento 36, 1200-394 Lisboa, Portugal","['Dine-in', 'Takeaway', 'No delivery']"
362,Parreirinha de Alfama,fado,4.4,599.0,3.0,"Beco do Esp√≠rito Santo 1, 1100-222 Lisboa, Portugal","['Dine-in', 'No delivery']"
363,Hor√°cio Trattoria - Gastronomia,cafe,4.6,161.0,,"Beco da Lapa 31, 1100-331 Lisboa, Portugal","['Dine-in', 'Takeaway', 'Delivery']"
365,LUZ da ESTRELA,fast_food,3.9,14.0,,"R. da Bela Vista √† Lapa 43, 1200-667 Lisboa, Portugal","['Dine-in', 'Takeaway', 'No delivery']"
366,Valdo Gatti Pizza Bio,pizza,4.7,1205.0,2.0,"R. do Gremio Lusitano 13, 1200-211 Lisboa, Portugal","['Dine-in', 'Takeaway', 'Delivery']"
367,Break,brunch,4.6,169.0,,"R. do Po√ßo dos Negros 73, 1200-348 Lisboa, Portugal","['Dine-in', 'Takeaway', 'No delivery']"
368,Spicy,africa_ME,4.3,489.0,1.0,"R. do Benformoso 203, 1100-085 Lisboa, Portugal","['Dine-in', 'Takeaway', 'Delivery']"
369,Natraj Tandoori,indian_nepalese,4.4,607.0,2.0,"R. dos Sapateiros 171, 1100-577 Lisboa, Portugal","['Dine-in', 'Delivery']"
371,Bello Forno,pasta,4.1,152.0,,"Campo das Cebolas 50, 1100-070 Lisboa","['Dine-in', 'Takeaway', 'Delivery']"
378,Restaurante,bistro,5.0,11.0,,"R. Ata√≠de 4, 1200-273 Lisboa","['Dine-in', 'Takeaway', 'No delivery']"
379,Andorra,european,3.0,94.0,,"R. das Portas de Santo Ant√£o 76, 1150-265 Lisboa","['Dine-in', 'Takeaway', 'No delivery']"
381,Nicolau Lisboa,brunch,4.3,3218.0,2.0,"R. de S√£o Nicolau 17, 1100-547 Lisboa, Portugal","['Dine-in', 'Takeaway', 'No delivery']"
382,Radhuni,africa_ME,3.7,163.0,,"R. do Benformoso 155 A B, 1100-084 Lisboa, Portugal","['Dine-in', 'Takeaway']"
383,Nui Sushi & Thai bar,asian,4.3,392.0,1.0,"R. Maria Andrade 64A, 1170-218 Lisboa, Portugal","['Dine-in', 'Takeaway', 'Delivery']"
384,A Travessa do Fado (Museu do Fado),fado,4.2,210.0,2.0,"Largo do Chafariz de Dentro 1, 1100-172 Lisboa, Portugal","['Dine-in', 'Takeaway', 'No delivery']"
385,Haweli Tandoori,indian_nepalese,4.5,318.0,2.0,"Tv. do Monte 14, 1170-255 Lisboa, Portugal","['Dine-in', 'Takeaway', 'Delivery']"
386,The Botanical Den,bar,4.7,87.0,,"R. da Atalaia 153, 1200-039 Lisboa, Portugal","['Dine-in', 'Takeaway', 'Delivery']"
387,Pok√© Bowls,south_america,3.9,172.0,,"R. Tierno Galvan 4, 1250-096 Lisboa, Portugal","['Dine-in', 'Takeaway']"
388,Pizzeria Romana al Taglio,pizza,4.5,759.0,1.0,"Rua da Concei√ß√£o 44, 1100-154 Lisboa, Portugal","['Dine-in', 'Drive-through', 'No-contact delivery']"
389,Hidden Chinese Restaurant,asian,4.2,948.0,1.0,"R. da Guia 9 1, 1100-132 Lisboa, Portugal","['Dine-in', 'Takeaway']"
390,TOPO MARTIM MONIZ,bar,4.3,2641.0,2.0,"Centro Comercial Martim Moniz 6 Esq, Pra√ßa Martim Moniz, 1100-341 Lisboa, Portugal","['Dine-in', 'Takeaway', 'Delivery']"
392,Brunch Caf√©,cafe,4.5,1077.0,2.0,"Rua da Alf√¢ndega 120, 1100-016 Lisboa, Portugal","['Dine-in', 'Takeaway', 'Delivery']"
393,Moules & Beer,bar,4.3,856.0,2.0,"R. 4 de Infantaria 29D, 1350-266 Lisboa, Portugal",['nan']
394,Cafe de Rio - Gourmet Burgers,burger,3.8,9.0,,"R. Artilharia 1 16b, 1250-039 Lisboa, Portugal","['Dine-in', 'Takeaway', 'No delivery']"
397,Neighbourhood Cafe Lisbon,cafe,4.7,211.0,,"Largo do Conde Bar√£o 25, 1200-163 Lisboa, Portugal","['Dine-in', 'Curbside pickup', 'No delivery']"
399,Franguinho do Pr√≠ncipe,chicken,4.8,61.0,,"R. da Imprensa Nacional 116 B, 1250-127 Lisboa, Portugal","['Dine-in', 'Curbside pickup', 'Delivery']"
400,Ao 26,veggie_healthy,4.6,1770.0,2.0,"R. V√≠tor Cordon 26, 1200-484 Lisboa, Portugal","['Dine-in', 'Takeaway', 'Delivery']"
401,Vitaminas Garrett,fast_food,3.9,121.0,2.0,"R. Garrett 58, 1200-309 Lisboa, Portugal","['Dine-in', 'Takeaway', 'Delivery']"
405,Delirium Caf√© Lisboa,bar,4.5,2707.0,2.0,"Cal√ßada Nova de S√£o Francisco 2A, 1200-289 Lisboa, Portugal","['Dine-in', 'Takeaway', 'Delivery']"
407,PappaRoti Portugal,africa_ME,4.2,72.0,,"R. √Åurea 52, 1100-063 Lisboa, Portugal",['nan']
411,Copenhagen Coffee Lab & Bakery,cafe,4.3,806.0,2.0,"R. Nova da Piedade 10, 1200-192 Lisboa","['Dine-in', 'Takeaway', 'No delivery']"
413,F√°brica Coffee Roasters,cafe,4.4,1801.0,2.0,"R. das Portas de Santo Ant√£o 136, 1150-269 Lisboa, Portugal","['Dine-in', 'Takeaway', 'No delivery']"
414,Buna Specialty Coffee Shop,cafe,4.9,95.0,,"R. do Po√ßo dos Negros 168, 1200-267 Lisboa, Portugal",['nan']
415,COMOB√Å,cafe,4.5,657.0,2.0,"Rua de S. Paulo 99, 1200-109 Lisboa, Portugal","['Dine-in', 'Takeaway', 'No-contact delivery']"
419,Banana Cafe,cafe,4.0,1422.0,2.0,"Av. da Liberdade 18, 1250-096 Lisboa, Portugal","['Dine-in', 'Takeaway', 'Delivery']"
425,MELBOURNE coffeehouse,cafe,4.7,248.0,,"Rua do Possolo 52, 1350-250 Lisboa, Portugal","['Dine-in', 'Takeaway']"
427,Copenhagen Coffee Lab - Campo de Santa Clara,brunch,4.0,248.0,,"Campo de Santa Clara 136, 1100-474 Lisboa, Portugal","['Dine-in', 'Takeaway', 'No delivery']"
432,Neighbourhood Cafe Lisboa,brunch,4.7,211.0,,"Largo do Conde Bar√£o 25, 1200-163 Lisboa","['Dine-in', 'Curbside pickup', 'No delivery']"
433,Caf√© da Garagem,cafe,4.4,345.0,2.0,"Costa do Castelo 75, 1100-178 Lisboa","['Dine-in', 'No delivery']"
435,Esplanada Cafe,cafe,3.6,478.0,2.0,"Jardim ""Esplanada, Pra√ßa do Pr√≠ncipe Real, 1250-184 Lisboa","['Dine-in', 'Takeaway', 'Delivery']"
436,Chiado Caffe,cafe,4.5,602.0,1.0,"Rua do Loreto 45 47, 1200-471 Lisboa","['Dine-in', 'Takeaway', 'No delivery']"
437,Frutaria Cafe,cafe,4.4,705.0,2.0,"R. dos Fanqueiros 269, 1100-232 Lisboa","['Dine-in', 'Curbside pickup', 'No delivery']"
439,F√°brica da Nata - Past√©is de Nata,pastry,4.6,5480.0,1.0,"Pra√ßa dos Restauradores 62 -68, 1250-110 Lisboa, Portugal","['Dine-in', 'Takeaway', 'Delivery']"
441,Di Marzano Caf√© Vermuteria,brunch,4.7,219.0,2.0,"Largo Rafael Bordalo Pinheiro 32, 1200-369 Lisboa, Portugal","['Dine-in', 'Takeaway', 'No delivery']"
443,Quase Caf√©,cafe,4.6,703.0,2.0,"Rua do Salvador 32, 1100-465 Lisboa, Portugal","['Dine-in', 'Drive-through']"
445,Caf√© Gelo,pastry,3.5,1191.0,2.0,"Pra√ßa Dom Pedro IV 64, 1100-200 Lisboa, Portugal","['Dine-in', 'Takeaway', 'No delivery']"
447,Kafeine / Avenida da Liberdade,brunch,4.5,364.0,,"Food Court, Avenida da Liberdade 180, Tivoli Forum, Piso -1, 1250-146 Lisboa, Portugal","['Dine-in', 'Takeaway', 'Delivery']"
458,El√©ctrico Caf√©,cafe,4.5,60.0,1.0,"R. Maria Andrade 60C, 1170-210 Lisboa","['Dine-in', 'Takeaway', 'No delivery']"
459,Guadalupe.,cafe,4.5,265.0,1.0,"Rua do Terreiro do Trigo 24, 1100-543 Lisboa","['Dine-in', 'Takeaway', 'No delivery']"
460,28 Caf√©,cafe,3.8,461.0,2.0,"R. de Santa Cruz do Castelo 45, 1100-244 Lisboa","['Dine-in', 'Takeaway']"
463,A Padaria Portuguesa,pastry,3.9,812.0,1.0,"Largo da Gra√ßa 14, 1170-165 Lisboa",['nan']
464,Stanislav Caf√©,cafe,4.5,630.0,,"1150, R. S√£o Jos√© 182, Lisboa","['Dine-in', 'Takeaway']"
465,Fauna & Flora,brunch,4.6,1813.0,2.0,"Rua da Esperan√ßa 33, 1200-655 Lisboa","['Dine-in', 'Takeaway', 'Delivery']"
468,Charlot Alfama,brunch,4.6,52.0,,"R. Escolas Gerais 59A, 1100-218","['Dine-in', 'Curbside pickup', 'No delivery']"
469,P√£o de Canela,brunch,4.1,980.0,2.0,"Pra√ßa das Flores 25 29, 1200-192 Lisboa","['Dine-in', 'Takeaway', 'No delivery']"
470,Mercearia Castello,pastry,4.4,139.0,1.0,"R. das Flores de Santa Cruz 2, 1100-129 Lisboa, Portugal","['Dine-in', 'No delivery']"
471,O Ninho - caf√© brunch tapas,brunch,4.7,428.0,2.0,"R. S√£o Crist√≥v√£o 17, 1100-514 Lisboa, Portugal","['Dine-in', 'No delivery']"
479,The Corner Cafe,european,4.8,45.0,,"R. Bernardim Ribeiro 21, 1150-068 Lisboa, Portugal","['Dine-in', 'Takeaway', 'No delivery']"
480,Remi - Bistro Italiano üçï üçπ ‚òïüç∞,bistro,4.6,256.0,2.0,"R. Gomes Freire 146 b, 1150-180 Lisboa, Portugal","['Dine-in', 'Takeaway', 'Delivery']"
481,Red Cafe,cafe,4.0,88.0,,"R. da Vit√≥ria, 1100-571 Lisboa, Portugal","['Dine-in', 'Takeaway', 'No delivery']"
485,Caf√© 1890,cafe,2.4,46.0,,"R. das Portas de Santo Ant√£o 96, 1150-269 Lisboa, Portugal","['Dine-in', 'Takeaway', 'No delivery']"
493,KAYA - Coffee & Organic Hair Concept,veggie_healthy,5.0,94.0,,"R. de S√£o Mar√ßal 1 C, 1200-418 Lisboa, Portugal","['Dine-in', 'Takeaway']"
503,"Leitaria, Pastelaria Eneri",cafe,4.4,75.0,1.0,"R. Luz Soriano n¬∫43, 1200-246 Lisboa, Portugal","['Dine-in', 'Takeaway', 'No delivery']"
508,Cotidiano Lisboa,brunch,4.4,362.0,2.0,"R. do Crucifixo 2, 1100-183 Lisboa, Portugal","['Dine-in', 'Takeaway', 'Delivery']"
513,Antikuario Cafe,cafe,4.9,136.0,,"R. S√£o Jos√© 168, 1150-326 Lisboa, Portugal",['Dine-in']
514,Zappi,cafe,4.7,201.0,,"R. Santos-O-Velho 16 18, 1200-109 Lisboa, Portugal","['Dine-in', 'Takeaway', 'No delivery']"
515,Madragoa Caf√©,european,4.5,230.0,2.0,"Rua da Esperan√ßa 158, 1200-660 Lisboa, Portugal","['Dine-in', 'No delivery']"
517,Caf√© Cal√ßada Bistro,cafe,4.3,169.0,,"Cal√ßada do Monte 62, 1170-108 Lisboa, Portugal",['nan']
518,Cafe Tofa,cafe,4.0,7.0,,"R Coreto 33, 1200-241 Lisboa, Portugal","['Dine-in', 'Takeaway', 'No delivery']"
520,Casa dos Ovos Moles em Lisboa,pastry,4.6,67.0,,"Cal√ßada do Sacramento 25, 1200-393 Lisboa, Portugal","['Dine-in', 'Takeaway', 'Delivery']"
521,McDonald's,fast_food,4.0,5235.0,1.0,"Av. da Rep√∫blica 10F, 1050-191 Lisboa, Portugal","['Dine-in', 'Takeaway', 'No-contact delivery']"
522,Burger King,fast_food,3.8,2679.0,1.0,"R. do Carmo 97, 1200-093 Lisboa, Portugal","['Dine-in', 'Takeaway', 'Delivery']"
523,Dutch Treat Lisboa,fast_food,4.9,133.0,,"R. da Silva 11, 1200-337 Lisboa, Portugal","['Dine-in', 'Curbside pickup', 'No-contact delivery']"
524,SEASON EXPRESSIONS,chicken,5.0,21.0,,"R. da Rosa 19, 1200-381 Lisboa, Portugal","['Dine-in', 'Takeaway', 'No-contact delivery']"
526,McDonald's Rossio,fast_food,3.7,5444.0,1.0,"Pra√ßa Dom Pedro IV 81-83, 1100-202 Lisboa, Portugal","['Dine-in', 'Takeaway', 'Delivery']"
527,Burger King Marqu√™s Pombal,fast_food,3.9,4283.0,1.0,"Av. Fontes Pereira de Melo 6A, 1600-001 Lisboa, Portugal","['Dine-in', 'Drive-through', 'Delivery']"
528,LX Kebab House,fast_food,4.0,107.0,,"R. da Atalaia 9, 1200-036 Lisboa, Portugal","['Dine-in', 'Takeaway', 'Delivery']"
529,Garden Burger,fast_food,4.1,73.0,,"Av. Eng. Duarte Pacheco, 1070-103 Lisboa, Portugal","['Dine-in', 'Takeaway']"
535,Casa das Bifanas,fast_food,3.9,1514.0,,"Pra√ßa da Figueira 7A, 1100-240 Lisboa, Portugal","['Dine-in', 'Takeaway']"
536,Rock Kebab,fast_food,3.7,25.0,,"Rua de S. Paulo 12A, 1200-048 Lisboa, Portugal","['Dine-in', 'Takeaway']"
538,Slow,fast_food,4.3,11.0,,"Av. Eng. Duarte Pacheco, 1070-103 Lisboa, Portugal","['Dine-in', 'Takeaway']"
539,Tuz Good Food,africa_ME,4.0,4.0,,"Av. Alm. Reis 40C, Lisboa, Portugal","['Dine-in', 'Takeaway', 'Delivery']"
541,As Bifanas do Afonso,fast_food,4.7,1308.0,1.0,"Portugal, R. da Madalena 146, 1100-340 Lisboa, Portugal","['Dine-in', 'Takeaway', 'No delivery']"
543,Hamro Kebab,fast_food,4.0,25.0,,"Rua do Possolo 53, 1350-252 Lisboa, Portugal","['Dine-in', 'Takeaway']"
545,Casa Portuguesa do Pastel de Bacalhau,portuguese,4.2,7060.0,2.0,"R. Augusta 106, 1100-053 Lisboa, Portugal","['Dine-in', 'Takeaway', 'No delivery']"
547,LX Dogs,fast_food,4.9,14.0,,"Pra√ßa da Figueira, 1100-241 Lisboa, Portugal","['Takeaway', 'No delivery']"
549,Dallas Burger Joint,burger,4.8,504.0,2.0,"Tv. Remolares 41, 1200-019 Lisboa, Portugal","['Dine-in', 'Takeaway', 'Delivery']"
550,h3,burger,4.0,529.0,2.0,"Avenida Engenheiro Duarte Pacheco, 1070-103 Lisboa, Portugal","['Dine-in', 'Takeaway', 'No delivery']"
551,Eats Delicate Foods,fast_food,3.6,8.0,,"Rua dos Bacalhoeiros 113, 1100-389 Lisboa, Portugal","['Dine-in', 'Takeaway']"
552,Kebabish PT,africa_ME,4.3,343.0,1.0,"R. da Palma 280, 1100-394 Lisboa, Portugal","['Dine-in', 'Takeaway', 'Delivery']"
553,Bala,mexican,3.9,122.0,,"Av. Eng. Duarte Pacheco 15G, 1250-096 Lisboa, Portugal","['Dine-in', 'Takeaway', 'Delivery']"
554,Hot Dog Lovers,fast_food,4.0,741.0,1.0,"Av. da Liberdade 238B, 1250-096 Lisboa, Portugal","['Dine-in', 'Takeaway', 'Delivery']"
555,Hunger Station,africa_ME,4.6,12.0,,"R. da Atalaia 118, 1200-036 Lisboa","['Dine-in', 'Takeaway', 'Delivery']"
560,Empadaria,fast_food,3.0,1.0,,"Armaz√©ns do Chiado, R. do Carmo 2, 1100-044 Lisboa","['Dine-in', 'Takeaway', 'No delivery']"
564,The Burger Factory,burger,4.2,822.0,2.0,"R. da Atalaia 4, 1200-169 Lisboa, Portugal","['Dine-in', 'Takeaway', 'Delivery']"
566,Olla,fast_food,4.0,431.0,2.0,"R. Camilo Castelo Branco 20, 1050-089 Lisboa, Portugal","['Dine-in', 'Takeaway']"
568,Tandoori,indian_nepalese,4.6,46.0,,"Beco dos Surradores, 1100-555 Lisboa, Portugal","['Dine-in', 'Takeaway']"
570,Food Garden Grill,grill,4.1,344.0,1.0,"R. do Benformoso 115, 1100-083 Lisboa, Portugal","['Dine-in', 'Takeaway', 'Delivery']"
571,Honorato Chiado,burger,4.2,2175.0,2.0,"Largo Rafael Bordalo Pinheiro 12, 1200-205 Lisboa, Portugal","['Dine-in', 'Takeaway', 'Delivery']"
573,Nosh,burger,1.0,1.0,,"R. Serpa Pinto 15A, 1200-443 Lisboa, Portugal","['Dine-in', 'Takeaway', 'Delivery']"
574,Miolo,brunch,4.9,161.0,,"Largo de Santa Cruz do Castelo 3, 1100-477 Lisboa, Portugal","['Dine-in', 'Takeaway']"
579,Restaurant International,european,3.0,147.0,2.0,"Largo do Carmo 16 17, 1200-092 Lisboa, Portugal","['Dine-in', 'Takeaway', 'No delivery']"
581,Hua Ta Li Chinese Restaurant,asian,4.1,269.0,2.0,"R. da Palma, 1100-341 Lisboa, Portugal","['Dine-in', 'Takeaway', 'Delivery']"
583,RoberTine,european,4.5,139.0,2.0,"R. das Taipas 65, 1250-092 Lisboa, Portugal",['nan']
584,Sushi dos S√° Morais,japanese,4.3,826.0,2.0,"R. Castilho 23B, 1250-069 Lisboa, Portugal","['Dine-in', 'Takeaway', 'Delivery']"
585,Tabik Restaurant,bar,4.0,133.0,3.0,"Av. da Liberdade 29A, 1250-139 Lisboa, Portugal","['Dine-in', 'Takeaway']"
586,Sukhothai,asian,4.1,248.0,2.0,"R. da Atalaia 77, 1200-038 Lisboa, Portugal","['Dine-in', 'Takeaway', 'Delivery']"
587,Cucina Avenida Liberdade,italian,3.8,32.0,,"Av. da Liberdade 180 D Loja 14, 1250-142 Lisboa, Portugal","['Dine-in', 'Curbside pickup', 'Delivery']"
588,Rubro Avenida,european,4.3,722.0,2.0,"R. Rodrigues Sampaio 33 35, 1150-278 Lisboa, Portugal","['Dine-in', 'Takeaway', 'No delivery']"
590,Guilty,veggie_healthy,4.0,1865.0,3.0,"R. Barata Salgueiro 28 A, 1250-044 Lisboa, Portugal","['Dine-in', 'Drive-through', 'Delivery']"
591,Topo Chiado,bar,4.2,1602.0,2.0,"Terra√ßos do Carmo, Largo do Carmo, 1200-288 Lisboa, Portugal","['Dine-in', 'No delivery']"
592,Block House Amoreiras,grill,4.3,503.0,,"Av. Eng. Duarte Pacheco 1049 2044, 1070-103 Lisboa, Portugal","['Dine-in', 'Takeaway']"
595,Curva,brunch,4.7,155.0,2.0,"R. Damasceno Monteiro 108D, 1170-113 Lisboa, Portugal","['Dine-in', 'Takeaway', 'No delivery']"
596,Tomato Garden Italian Restaurant,pasta,4.7,195.0,,"R. da Barroca 109, 1200-010 Lisboa, Portugal",['nan']
597,Azia Asian Restaurant,asian,4.5,291.0,2.0,"Rua de S. Paulo 136, 1200-429 Lisboa, Portugal",['Dine-in']
598,Marisqueira M,seafood,4.1,463.0,2.0,"R. do Norte 100, 1200-287 Lisboa, Portugal","['Dine-in', 'Takeaway', 'No delivery']"
600,Restaurante Irriverente,pasta,4.1,149.0,,"Rua da Boavista 88, 1200-058 Lisboa, Portugal","['Dine-in', 'Takeaway', 'Delivery']"
601,Restaurante Marco,portuguese,4.4,2582.0,2.0,"Largo Santos 14D, 1200-808 Lisboa, Portugal","['Dine-in', 'Takeaway', 'Delivery']"
602,Noori Sushi,japanese,4.2,172.0,,"R. do Crucifixo 87, 1100-044 Lisboa, Portugal","['Dine-in', 'Takeaway', 'Delivery']"
604,Leads Pizza,pizza,4.5,184.0,1.0,"R. Gen. Justiniano Padrel 17A, 1170-153 Lisboa, Portugal","['Dine-in', 'Takeaway', 'Delivery']"
605,Portug√°lia,fast_food,4.8,6.0,2.0,"R. do Carmo 120, 1100-044 Lisboa, Portugal","['Dine-in', 'Takeaway', 'Delivery']"
606,Santa Marta Marisqueira,seafood,4.0,455.0,2.0,"Travessa do Enviado de Inglaterra, 1150-281 Lisboa, Portugal","['Dine-in', 'Takeaway', 'No delivery']"
609,Jamie's Italian Lisboa,italian,4.2,3173.0,2.0,"Pra√ßa do Pr√≠ncipe Real 28A, 1250-184 Lisboa, Portugal","['Dine-in', 'Takeaway', 'Delivery']"
612,Turkish Kebab House,africa_ME,3.6,394.0,1.0,"Av. Alm. Reis 40A, 1150-019 Lisboa, Portugal","['Dine-in', 'Takeaway', 'Delivery']"
619,Panda Cantina,japanese,4.6,939.0,1.0,"Rua da Prata 252, 1100-052 Lisboa, Portugal","['Dine-in', 'Takeaway', 'No delivery']"
622,Manteigaria - F√°brica de Past√©is de Nata,pastry,4.8,5420.0,1.0,"Rua do Loreto 2, 1200-108 Lisboa","['Takeaway', 'Delivery', 'No dine-in']"
623,Confeitaria Nacional,pastry,4.2,3289.0,2.0,"Pra√ßa da Figueira 18B, 1100-241 Lisboa","['Dine-in', 'Curbside pickup', 'Delivery']"
624,Pastelaria Santo Ant√≥nio (castelo S√£o Jorge),pastry,4.7,987.0,1.0,"R. do Milagre de Santo Ant√≥nio N.10, 1100-351 Lisboa","['Dine-in', 'Takeaway']"
629,Alc√¥a,pastry,4.4,885.0,2.0,"R. Garrett 37, 1200-203 Lisboa, Portugal",['Takeaway']
632,F√°brica da Nata (Rua Augusta),pastry,4.6,1808.0,1.0,"R. Augusta n¬∫ 275 A, 1100-052 Lisboa, Portugal","['Dine-in', 'Takeaway']"
635,Ferrary,pastry,2.8,549.0,,"R. Augusta 189, 1100-050 Lisboa, Portugal","['Dine-in', 'Takeaway', 'No delivery']"
639,Confeitaria Marqu√™s de Pombal,pastry,4.2,1148.0,2.0,"Av. da Liberdade 244 B, 1250-149 Lisboa, Portugal","['Dine-in', 'Takeaway']"
641,Pastelaria 1800,pastry,4.3,450.0,1.0,"Largo do Rato 7, 1250-096 Lisboa, Portugal","['Dine-in', 'Takeaway']"
642,Pastelaria Flor do Mundo,pastry,4.3,367.0,1.0,"R. da Miseric√≥rdia 87, 1200-284 Lisboa, Portugal","['Dine-in', 'Takeaway', 'No delivery']"
645,Pastelaria Benard,pastry,3.8,598.0,2.0,"R. Garrett 104, 1200-205 Lisboa, Portugal","['Dine-in', 'Takeaway', 'Delivery']"
646,A Tenta√ß√£o,pastry,4.0,235.0,1.0,"Pra√ßa da Figueira 12, 1100-241 Lisboa, Portugal","['Dine-in', 'Takeaway']"
648,PAUL - Rua Augusta,pastry,4.1,651.0,2.0,"R. Augusta 142, 1100-054 Lisboa, Portugal","['Dine-in', 'Takeaway', 'Delivery']"
650,P√¢tisserie Dacquoise,pastry,4.5,283.0,2.0,"R. Tom√°s da Anuncia√ß√£o 109A, 1350-325 Lisboa, Portugal","['Dine-in', 'Takeaway', 'Delivery']"
652,Cantinho da s√©,pastry,3.1,135.0,,"Largo Santo Ant√≥nio da S√© 11, 1100-404 Lisboa, Portugal","['Takeaway', 'No delivery']"
655,Saga,pastry,4.4,830.0,2.0,"Largo da Gra√ßa 135, 1170-165 Lisboa, Portugal","['Dine-in', 'Takeaway']"
656,Pau de Canela,pastry,4.1,619.0,2.0,"R. da Vit√≥ria 57, 1100-170 Lisboa","['Dine-in', 'Takeaway', 'No delivery']"
657,Pastelaria Orion,pastry,4.2,438.0,1.0,"Cal√ßada do Combro 1, 1200-086 Lisboa","['Dine-in', 'Takeaway', 'No delivery']"
658,Padaria de S√£o Roque,pastry,4.3,577.0,1.0,"R. Dom Pedro V 57, 1250-092 Lisboa","['Dine-in', 'Takeaway', 'No delivery']"
660,A Pousadinha (Cais Sodr√©) - Do√ßaria Conventual,pastry,4.6,26.0,,"Rua de S. Paulo 188, 1200-275 Lisboa","['Dine-in', 'Takeaway']"
662,Centro Ideal da Gra√ßa,pastry,4.4,301.0,1.0,"Largo da Gra√ßa 6, 1170-364 Lisboa, Portugal","['Dine-in', 'Takeaway']"
663,Baga,pastry,4.1,96.0,1.0,"Largo da Gra√ßa, 1170-165 Lisboa, Portugal","['Dine-in', 'Takeaway', 'No delivery']"
669,L'√âclair,pastry,4.8,22.0,,"R. Ribeira Nova 50, 1200-425 Lisboa, Portugal","['Dine-in', 'Takeaway', 'No delivery']"
672,Portela,cafe,4.3,127.0,2.0,"Rua da Gra√ßa 164, 1170-364 Lisboa, Portugal","['Dine-in', 'Delivery']"
675,Pastelaria Cam√µes,brunch,4.4,180.0,1.0,"Rua do Loreto 63 65, 1200-241 Lisboa, Portugal","['Dine-in', 'Takeaway', 'No delivery']"
676,Leitaria Lisboa,brunch,4.2,846.0,2.0,"R. Artilharia 1 87A, 1070-012 Lisboa, Portugal","['Dine-in', 'Takeaway', 'Delivery']"
677,Tease,cafe,4.4,716.0,2.0,"R. Quintinha 70B, 1200-420 Lisboa, Portugal","['Dine-in', 'Takeaway']"
682,Doce Real,pastry,4.5,119.0,1.0,"Portugal, R. Dom Pedro V 119, 1250-096 Lisboa","['Dine-in', 'Takeaway', 'No delivery']"
689,Balc√£o do Marqu√™s,pastry,4.2,391.0,1.0,"113 ao 119, Av. Duque de Loul√©, 1050-089 Lisboa, Portugal","['Dine-in', 'Curbside pickup', 'No-contact delivery']"
695,Pastelaria Continental Lda,pastry,4.3,133.0,1.0,"R. da Palma 187, 1100-087 Lisboa, Portugal","['Dine-in', 'Takeaway', 'No delivery']"
698,Vontadinhas,pastry,4.1,107.0,,"R. Castilho 75A, 1250-096 Lisboa, Portugal","['Dine-in', 'Takeaway']"
710,Tebas,pastry,4.2,381.0,1.0,"R. Heliodoro Salgado 2A, 1170-174 Lisboa, Portugal","['Dine-in', 'Takeaway', 'Delivery']"
725,Leitaria Baiana,brunch,4.1,364.0,,"61,, Av. da Liberdade 59, Lisboa, Portugal","['Dine-in', 'Takeaway', 'No delivery']"
727,Leitaria Anita,cafe,4.5,27.0,,"Rua do Salvador 46, 1100-466 Lisboa, Portugal","['Dine-in', 'Takeaway', 'No delivery']"
730,Bomercado,veggie_healthy,4.7,122.0,,"R. dos Cavaleiros 10, 1100-132 Lisboa, Portugal","['In-store shopping', 'Curbside pickup', 'Delivery']"
732,Brick Caf√© Lisboa,brunch,4.4,1647.0,2.0,"Rua de Mo√ßambique 2, 1170-245 Lisboa","['Dine-in', 'Takeaway', 'Delivery']"
741,Hard Rock Cafe,grill,4.4,14763.0,2.0,"Av. da Liberdade 2, 1250-144 Lisboa","['Dine-in', 'Takeaway', 'Delivery']"
747,Nicola,cafe,3.5,1627.0,2.0,"Pra√ßa Dom Pedro IV 24, 1100-200 Lisboa","['Dine-in', 'Takeaway', 'No delivery']"
748,Tazza in Giro,italian,4.7,138.0,,"Campo de Santa Clara 138 139, 1100-474 Lisboa","['Dine-in', 'Curbside pickup', 'Delivery']"
749,Mercearia da Mila,brunch,4.6,321.0,2.0,"R. Santos-O-Velho 38, 1200-812 Lisboa","['Dine-in', 'Curbside pickup', 'Delivery']"
750,Delidelux Avenida,brunch,4.1,340.0,2.0,"R. Alexandre Herculano 15A, 1250-096 Lisboa","['Dine-in', 'Takeaway', 'Delivery']"
755,Groove Bar,bar,4.5,299.0,2.0,"R. da Rosa 148, 1200-211 Lisboa, Portugal","['Dine-in', 'No delivery']"
787,Monkey Mash,bar,4.5,210.0,,"Pra√ßa da Alegria 66, 1250-096 Lisboa, Portugal","['Dine-in', 'Takeaway', 'No delivery']"
793,Foxtrot,bar,4.6,1902.0,2.0,"Tv. Santa Teresa 28, 1200-405 Lisboa, Portugal","['Dine-in', 'Takeaway', 'No delivery']"
798,Duque Brewpub,bar,4.6,539.0,2.0,"Cal√ßada do Duque 51, 1200-156 Lisboa, Portugal","['Dine-in', 'No delivery']"
824,Antiga Wine Bar,bar,4.7,175.0,2.0,"de √†, R. Santo Ant√≥nio da S√© 10, 1100-500 Lisboa, Portugal","['Dine-in', 'Takeaway', 'No delivery']"
825,Shelter Bar Lisboa,bar,4.3,134.0,1.0,"R. da Palmeira 43 A, 1200-312 Lisboa, Portugal","['Dine-in', 'No delivery']"
831,Camone Bar,bar,4.6,119.0,1.0,"R. da Atalaia 29, 1200-036 Lisboa, Portugal","['Dine-in', 'No delivery']"
832,Spot Lisboa,bar,4.2,280.0,2.0,"R. Nova do Almada 14, 1200-289 Lisboa, Portugal","['Dine-in', 'No delivery']"
838,Ritz Bar,bar,4.5,34.0,,"R. Rodrigo da Fonseca 88, 1099-039 Lisboa, Portugal","['Dine-in', 'No delivery']"
852,Snob Bar,bar,4.5,66.0,,"Rua de O S√©culo 178, 1200-437 Lisboa, Portugal","['Dine-in', 'No delivery']"
853,√Ågua De Beber,bar,4.5,570.0,1.0,"R. Poiais de S√£o Bento 73, 1200-346 Lisboa, Portugal","['Dine-in', 'Takeaway', 'Delivery']"
859,Tapas Bar 52,european,3.8,1655.0,2.0,"R. Dom Pedro V 52, 1250-092 Lisboa, Portugal","['Dine-in', 'No delivery']"
862,Grau Douro Tapas & Wine Bar,european,4.9,300.0,,"R. Duques de Bragan√ßa 5M, 1200-162 Lisboa, Portugal","['Dine-in', 'Takeaway']"
863,Dcosta's Shisha & Bar,bar,4.7,113.0,,"R. Maria 68A, 1170-213 Lisboa, Portugal","['Dine-in', 'Takeaway', 'No-contact delivery']"
866,A Tabacaria,bar,4.7,355.0,2.0,"Rua de S. Paulo 75 77, 1200-426 Lisboa, Portugal","['Dine-in', 'No delivery']"
868,Soul - kitchen & bar,bistro,4.5,108.0,,"R. Cec√≠lio de Sousa n.76, 1200-098 Lisboa, Portugal","['Dine-in', 'Takeaway', 'Delivery']"
877,BytheWine,bar,4.5,1653.0,2.0,"Rua das Flores 41 43, 1200-193 Lisboa, Portugal","['Dine-in', 'No delivery']"
884,Silk Club,bar,4.1,817.0,3.0,"Edif√≠cio Espa√ßo Chiado, R. da Miseric√≥rdia 14, 1200-273 Lisboa, Portugal","['Dine-in', 'No takeaway', 'No delivery']"
890,Love Lisbon Martim Moniz,bar,4.3,366.0,2.0,"R. Jos√© Ant√≥nio Serrano, 1100-143 Lisboa, Portugal","['Dine-in', 'Takeaway', 'Delivery']"
893,Par√°guas Bar Tapas e Petiscos,european,4.7,211.0,2.0,"Tv. dos Pescadores 37, 1200-328 Lisboa","['Dine-in', 'Takeaway', 'No delivery']"
894,T√°gide Wine & Tapas Bar,european,4.3,120.0,,"Largo da Academia Nacional de Belas Artes 19, 1200-289 Lisboa","['Dine-in', 'Takeaway', 'No delivery']"
895,York Burger,burger,4.6,153.0,1.0,"R. de S√£o Jo√£o da Pra√ßa 14, 1100-520 Lisboa","['Dine-in', 'Takeaway']"
899,Gazzo - Cucina & Bar,italian,4.8,76.0,1.0,"Largo do Terreirinho 35, 1100-595 Lisboa","['Dine-in', 'Takeaway', 'No delivery']"
901,Burger Bar & Blues Lisboa,burger,4.2,106.0,,"Rua de S. Paulo 222, 1200-058 Lisboa","['Dine-in', 'Takeaway', 'No delivery']"
903,Roots Restaurante & Tapas Bar,european,4.2,204.0,,"R. da Silva 28, 1200-447 Lisboa","['Dine-in', 'Takeaway', 'No delivery']"
908,Mensagem - Restaurante e Bar Panor√¢mico,bar,4.5,190.0,2.0,"R. da Oliveira ao Carmo 8, 1200-309 Lisboa, Portugal","['Dine-in', 'No delivery']"
914,Delfina-Cantina Portuguesa,portuguese,4.4,496.0,2.0,"Pra√ßa do Munic√≠pio n.¬∫ 23, 1100-365 Lisboa, Portugal","['Dine-in', 'Takeaway', 'Delivery']"
915,Chaplin Pizza Bar - Lisboa,pizza,5.0,20.0,,"Cal√ßada Salvador Correia de S√° 38 A, 1200-399 Lisboa, Portugal","['Dine-in', 'Takeaway', 'Delivery']"
917,Bicaense Est.1959,grill,4.6,135.0,,"R. da Bica de Duarte Belo 42A, 1200-056 Lisboa, Portugal","['Dine-in', 'Takeaway', 'Delivery']"
918,Sekai Sushi bar,japanese,4.6,100.0,1.0,"R. dos Mastros 30, 1200-163 Lisboa, Portugal","['Dine-in', 'Drive-through', 'No-contact delivery']"
920,Mallagueta Bar and Food Lisboa,bar,4.2,68.0,,"Costa do Castelo 26, 1100-179 Lisboa, Portugal","['Dine-in', 'Takeaway', 'No delivery']"
921,Maxime Restaurante-Bar,bar,4.5,61.0,,"Pra√ßa da Alegria 58, 1250-146 Lisboa, Portugal","['Dine-in', 'No delivery']"
922,Damas,bar,4.3,1506.0,1.0,"R. da Voz do Oper√°rio 60, 1170-039 Lisboa, Portugal","['Dine-in', 'Takeaway', 'No delivery']"
924,Gyoza Bar,asian,4.2,114.0,,"Rua da Prata 242, 1100-422 Lisboa, Portugal","['Dine-in', 'Takeaway']"
925,Pharmacia,bar,4.1,1908.0,3.0,"Rua de Santa Catarina n 2 e n, 4, 1249-069 Lisboa, Portugal","['Dine-in', 'Takeaway', 'No delivery']"
928,Japon√™s Sushi Restaurante,japanese,4.7,165.0,1.0,"R. das Trinas 22, 1200-858 Lisboa, Portugal","['Dine-in', 'Takeaway', 'Delivery']"
930,Nui Sushi & Bar,japanese,4.8,48.0,,"Cal√ßada Santana 70, 1150-305 Lisboa, Portugal","['Dine-in', 'Drive-through', 'No-contact delivery']"
932,Santa Restaurante & Bar,pasta,4.2,183.0,2.0,"R. de S√£o Jo√£o da Pra√ßa 103, 1100-585 Lisboa, Portugal","['Dine-in', 'Takeaway', 'No delivery']"
933,Zenith,veggie_healthy,4.4,2120.0,2.0,"R. do Telhal 4A, 1150-346 Lisboa, Portugal","['Dine-in', 'Takeaway', 'Delivery']"
948,The Lumiares Hotel & Spa,south_america,4.6,349.0,,"R. do Di√°rio de Not√≠cias 142, 1200-146 Lisboa, Portugal",['nan']
957,Casinha Boutique Caf√©,cafe,4.4,103.0,,"Av. Poe. Mistral 2A, 1050-182 Lisboa, Portugal",['nan']
958,Brooklyn Lisboa,cafe,4.6,447.0,,"Pra√ßa da Alegria 35, 1250-096 Lisboa, Portugal","['Dine-in', 'Takeaway', 'Delivery']"
968,Quiosque das Portas do Sol,fast_food,4.0,89.0,,"Largo Portas do Sol, 1100-411 Lisboa, Portugal","['Dine-in', 'Curbside pickup', 'No delivery']"
975,39 Degraus,brunch,4.5,150.0,,"Cinemateca, R. Barata Salgueiro 39, 1269-059 Lisboa, Portugal","['Dine-in', 'Takeaway', 'Delivery']"
992,the mill,cafe,4.6,1693.0,2.0,"R. do Po√ßo dos Negros 1, 1200-335 Lisboa, Portugal","['Dine-in', 'Takeaway', 'No delivery']"
993,Brick Cafe Lisboa,cafe,4.4,1647.0,2.0,"Rua de Mo√ßambique 2, 1170-245 Lisboa, Portugal","['Dine-in', 'Takeaway', 'Delivery']"
994,Cusca Caf√©,cafe,4.9,147.0,1.0,"Rua de O S√©culo 170, 1200-434 Lisboa, Portugal","['Dine-in', 'Takeaway', 'No delivery']"
998,"Hello, Kristof",brunch,4.6,507.0,2.0,"R. do Po√ßo dos Negros 103, 1200-337 Lisboa, Portugal","['Dine-in', 'Takeaway', 'No delivery']"
1000,"Arts Cafe, Event Venue",cafe,4.4,106.0,1.0,"Rua da Bica do Sapato 50C, 1100-094 Lisboa, Portugal",['nan']
1002,Seagull Method cafe,brunch,4.7,467.0,2.0,"R. da Palmeira 23, 1200-311 Lisboa, Portugal","['Dine-in', 'Curbside pickup', 'Delivery']"
1003,Royale Caf√©,cafe,4.2,608.0,2.0,"Largo Rafael Bordalo Pinheiro 29 R/C, 1200-369 Lisboa, Portugal","['Dine-in', 'Takeaway', 'No delivery']"
1006,Am√©lia Lisboa,brunch,4.4,2988.0,2.0,"R. Ferreira Borges 101, 1350-128 Lisboa","['Dine-in', 'Takeaway', 'Delivery']"
1008,S√≠tio Valverde,brunch,4.7,60.0,,"Av. da Liberdade 164, 1250-146 Lisboa, Portugal","['Dine-in', 'No takeaway', 'No delivery']"
1010,Cafe,cafe,5.0,1.0,,"Largo Vitorino Dam√°sio 3F, 1200-646 Lisboa, Portugal",['Dine-in']
1013,Martinho da Arcada,portuguese,4.2,1183.0,2.0,"Pra√ßa do Com√©rcio 3, 1100-148 Lisboa, Portugal","['Dine-in', 'No delivery']"
1014,Caf√© Janis,bistro,4.6,739.0,2.0,"R. Moeda 1A, 1200-109 Lisboa, Portugal","['Dine-in', 'Takeaway', 'Delivery']"
1017,Varanda,brunch,4.3,55.0,,"Pra√ßa Martim Moniz 2, 1100-341 Lisboa, Portugal","['Dine-in', 'Takeaway', 'Delivery']"
1020,√Ågua,burger,4.5,34.0,,"R. Rosa Ara√∫jo 16, 1250-096 Lisboa, Portugal","['Dine-in', 'Takeaway']"
1021,Tulsi Restaurant,indian_nepalese,4.7,151.0,,"R. do Benformoso 262, 1100-087 Lisboa, Portugal","['Dine-in', 'Takeaway', 'No delivery']"
1025,Mezzanine,bar,3.4,232.0,,"Rua da Boavista 108, 1200-085 Lisboa, Portugal","['Dine-in', 'No delivery']"
1026,OnigiriA,japanese,4.7,93.0,,"R. Vicente Borga 2, 1200-861 Lisboa, Portugal","['Dine-in', 'Drive-through', 'No-contact delivery']"
1027,Bas√≠lio,brunch,4.6,847.0,2.0,"Rua dos Bacalhoeiros 111, 1100-068 Lisboa, Portugal","['Dine-in', 'Takeaway', 'Delivery']"
1029,Babete,european,3.8,317.0,2.0,"Cal√ßada do Duque 57, 1200-156 Lisboa, Portugal","['Dine-in', 'Takeaway', 'No delivery']"
1032,Chillis Bangladesh Indian Restaurant Curry House,indian_nepalese,4.1,33.0,,"R. do Benformoso 256, 1100-088 Lisboa, Portugal","['Dine-in', 'Takeaway']"
1035,Restaurante Diyalo,indian_nepalese,4.0,469.0,,"Tv. da Palma, 1150-052 Lisboa, Portugal","['Dine-in', 'Takeaway', 'Delivery']"
1037,Yambu Restaurant,indian_nepalese,4.7,70.0,,"Largo Santa B√°rbara 8N 0, 1150-287 Lisboa, Portugal","['Dine-in', 'Takeaway', 'Delivery']"
1038,Lumbini Restaurant,indian_nepalese,4.6,270.0,1.0,"Rua da Esperan√ßa 42, 1200-658 Lisboa, Portugal","['Dine-in', 'Takeaway', 'Delivery']"
1039,At√≠pico Restaurant,european,4.3,221.0,2.0,"R. do Gremio Lusitano numero 20, 1200-212 Lisboa, Portugal","['Dine-in', 'Takeaway']"
1040,Cervejaria Trindade,south_america,4.1,4728.0,2.0,"R. Nova da Trindade 20 C, 2715-311 Lisboa, Portugal",['nan']
1041,Gosta do Castelo Brunch,brunch,4.2,246.0,,"Costa do Castelo 138, 1100-129 Lisboa, Portugal","['Dine-in', 'Takeaway', 'Delivery']"
1042,Mesa Kreol,africa_ME,4.6,338.0,2.0,"Arco Portas do Mar 9, 1100-035 Lisboa, Portugal",['nan']
1047,Ol√° Lisboa - Tapas & Petiscos,european,4.6,129.0,,"R. dos Mastros 20, 1200-264 Lisboa, Portugal","['Dine-in', 'Takeaway', 'No delivery']"
1048,Miteri restaurant,indian_nepalese,4.4,264.0,1.0,"Rua da Guin√© 5A, 1170-172 Lisboa, Portugal","['Dine-in', 'Takeaway', 'Delivery']"
1050,Papa Chidera Nigeria Restaurant,africa_ME,4.6,20.0,,"1170-287 Lisbon, Portugal","['Dine-in', 'Takeaway']"
1052,Grenache,european,4.8,124.0,,"P√°tio de Dom Fradique 12, 1100-624 Lisboa, Portugal","['Dine-in', 'No delivery']"
1054,Hamburgueria do Bairro - Pr√≠ncipe Real,burger,4.3,927.0,1.0,"1200 484, Tv. Abarracamento de Peniche 22, Lisboa, Portugal","['Dine-in', 'Takeaway', 'Delivery']"
1055,New Manakamana,indian_nepalese,4.0,144.0,1.0,"R. Arco da Gra√ßa 43, 1150-049 Lisboa, Portugal","['Dine-in', 'Takeaway']"
1058,Batata Doce,africa_ME,4.7,236.0,2.0,"R. de S√£o Jo√£o da Mata 56, 1200-734 Lisboa","['Dine-in', 'Takeaway']"
1061,SILK CLUB ROOFTOP RESTAURANT & CLUB,mediterranean,4.1,817.0,3.0,"Edif√≠cio Espa√ßo Chiado, R. da Miseric√≥rdia 14, 1200-273 Lisboa","['Dine-in', 'No takeaway', 'No delivery']"
1064,OTRO restaurante,grill,4.6,42.0,,"R. Rodrigues Sampaio 94, 1250-281 Lisboa, Portugal","['Dine-in', 'Takeaway']"
1066,Apraz√≠vel,brunch,4.1,392.0,2.0,"Galerias P√°teo Garrett, R. Garrett 19, 1200-093 Lisboa","['Dine-in', 'Delivery']"
1072,Everest Montanha,indian_nepalese,4.3,498.0,2.0,"R. Artilharia 1 26, 1250-040 Lisboa, Portugal","['Dine-in', 'Curbside pickup', 'No-contact delivery']"
1076,ristorante a severa,european,4.0,402.0,,"R. das G√°veas 51, 1200-206 Lisboa, Portugal","['Dine-in', 'No delivery']"
1078,Taberna Portuguesa,portuguese,4.5,776.0,2.0,"Cal√ßada do Combro 115, 1200-109 Lisboa","['Dine-in', 'Takeaway', 'No delivery']"
1081,Taberna do Bairro alto,portuguese,4.5,709.0,,"Tv. da Boa Hora 27, 1200-063 Lisboa","['Dine-in', 'Takeaway', 'Delivery']"
1082,Taberna dos Cl√©rigos,grill,4.2,150.0,1.0,"Cal√ßada de S√£o Vicente 10, 1100-213 Lisboa","['Dine-in', 'Takeaway', 'No delivery']"
1083,Go Juu,japanese,4.7,542.0,,"R. Marqu√™s S√° da Bandeira 46A, 1050-149 Lisboa, Portugal","['Dine-in', 'Takeaway']"
1084,Tasca Kome,japanese,4.6,611.0,2.0,"R. da Madalena 57, 1100-016 Lisboa, Portugal","['Dine-in', 'Takeaway', 'Delivery']"
1085,Hikidashi,japanese,4.6,381.0,3.0,"R. Coelho da Rocha 20A, 1250-088 Lisboa, Portugal","['Dine-in', 'Takeaway', 'No delivery']"
1087,Confraria LX,japanese,4.3,547.0,,"Portugal, R. do Alecrim 12A, 1200-161 Lisboa, Portugal","['Dine-in', 'Takeaway', 'Delivery']"
1088,Wakame Sushi Ten,japanese,5.0,59.0,,"Cal√ßada Casc√£o 6, 1100-123 Lisboa, Portugal","['Dine-in', 'Curbside pickup', 'Delivery']"
1089,AronSushi,japanese,4.5,601.0,3.0,"R. Marqu√™s S√° da Bandeira 14B, 1050-205 Lisboa, Portugal","['Dine-in', 'Takeaway', 'Delivery']"
1091,Restaurante Japon√™s - SUSHI TIME,japanese,4.3,1652.0,2.0,"Av. Dom Jo√£o II 41 A, 1990-084 Lisboa, Portugal","['Dine-in', 'Takeaway']"
1092,Restaurante Suntory Exotic Japanese Fusion,japanese,4.5,1363.0,2.0,"Av. Conselheiro Fernando de Sousa 23A, 1070-072 Lisboa, Portugal","['Dine-in', 'Curbside pickup', 'Delivery']"
1093,Sushi Cafe,japanese,4.4,233.0,,"Av. Eng. Duarte Pacheco 1016 1020, 1070-103 Lisboa, Portugal","['Dine-in', 'Takeaway', 'Delivery']"
1094,Hanami Sushi Tivoli Forum,japanese,4.3,150.0,2.0,"Av. da Liberdade 180, 1250-142 Lisboa, Portugal","['Dine-in', 'Takeaway']"
1097,Tribo Sushi Bar,japanese,4.0,27.0,,"Rua da Gl√≥ria 30, 1250-117 Lisboa, Portugal","['Dine-in', 'Takeaway', 'Delivery']"
1098,Sushi Suisen,japanese,4.6,11.0,,"R. Andrade 15, 1170-014 Lisboa, Portugal","['Dine-in', 'Takeaway', 'Delivery']"
1099,Kingyo Sushi,japanese,4.5,44.0,,"R. Luciano Cordeiro 72B, 1150-217 Lisboa, Portugal","['Dine-in', 'Drive-through', 'No-contact delivery']"
1100,KOPPU RAMEN,japanese,4.5,718.0,2.0,"R. do Salitre 131, 1200-298 Lisboa, Portugal","['Dine-in', 'Takeaway', 'No-contact delivery']"
1101,Best Sushi And Poke Restaurant,japanese,4.4,63.0,,"R. Nat√°lia Correia 8A, 1170-270 Lisboa, Portugal","['Dine-in', 'Takeaway', 'Delivery']"
1102,Buddha Sushi,japanese,3.6,807.0,1.0,"R. de S√£o Pedro de Alc√¢ntara 65-69, 1250-238 Lisboa, Portugal","['Dine-in', 'Curbside pickup', 'No-contact delivery']"
1103,Sushi do Bairro,japanese,4.4,43.0,,"R. Saraiva de Carvalho 32, 1250-244 Lisboa, Portugal","['Dine-in', 'Takeaway', 'Delivery']"
1104,KATANA SUSHI,japanese,4.5,93.0,,"Rua Marqu√™s de Fronteira 173 A, 1070-300 Lisboa, Portugal","['Dine-in', 'Curbside pickup', 'No-contact delivery']"
1105,Shun - Open Kitchen,japanese,4.8,40.0,,"R. Tom√°s da Anuncia√ß√£o 171A, 1350-326 Lisboa, Portugal","['Dine-in', 'Takeaway', 'Delivery']"
1106,Sushisan Santos,japanese,4.5,184.0,,"Largo de Santos 3A, 1200-808 Lisboa, Portugal","['Dine-in', 'Takeaway', 'Delivery']"
1107,by Koji Lisboa,japanese,4.8,25.0,,"Cal√ßada Marqu√™s Abrantes 138, 1200-720 Lisboa, Portugal","['Dine-in', 'No takeaway']"
1108,Sushisan Lisbon,japanese,4.1,520.0,2.0,"R. Nova de S√£o Mamede 18, 1250-173 Lisboa, Portugal",['nan']
1109,Sushi Shop,japanese,3.9,170.0,,"PRA√áA, Rua Dom Lu√≠s I 30 LOJA 6, 1200-152 Lisboa, Portugal","['Dine-in', 'Takeaway', 'Delivery']"
1110,Sea Me Peixaria Moderna,seafood,4.3,1840.0,3.0,"Rua do Loreto 21, 1200-241 Lisboa, Portugal","['Dine-in', 'Takeaway', 'Delivery']"
1111,N√≥mada - Chiado,asian,4.7,35.0,,"R. Horta Seca 5 B, 1200-221 Lisboa, Portugal","['Dine-in', 'Takeaway']"
1112,Bonsai,japanese,4.6,395.0,3.0,"R. da Rosa 248, 1200-391 Lisboa","['Dine-in', 'Takeaway', 'No-contact delivery']"
1115,Sushi-Away,japanese,4.9,71.0,,"R. 4 de Infantaria, 1350-271 Lisboa","['Dine-in', 'Takeaway']"
1124,Miss Jappa,japanese,4.4,249.0,,"Pra√ßa do Pr√≠ncipe Real 5, 1250-096 Lisboa, Portugal","['Dine-in', 'Takeaway', 'Delivery']"
1125,La Piadina,italian,4.5,515.0,1.0,"Cal√ßada do Combro 8, 1200-114 Lisboa, Portugal","['Dine-in', 'Takeaway', 'Delivery']"
1127,Il Matriciano,italian,4.4,545.0,2.0,"R. de S√£o Bento 107, 1200-661 Lisboa, Portugal","['Dine-in', 'Takeaway']"
1129,Il Mercato,italian,4.5,1311.0,2.0,"Passeio do P√°tio Bagatela, R. Artilharia 1 51 Bloco B, Loja M, 1250-038 Lisboa, Portugal","['Dine-in', 'Takeaway', 'Delivery']"
1131,Mano a Mano - Ristorante pizzerie,italian,4.2,595.0,2.0,"R. do Alecrim 22, 1200-014 Lisboa, Portugal","['Dine-in', 'Takeaway', 'Delivery']"
1132,Sophia - Natural Italian,pasta,4.2,992.0,2.0,"Pra√ßa Dom Lu√≠s I 34, 1200-427 Lisboa, Portugal","['Dine-in', 'Takeaway']"
1135,Bella Ciao - Cantina Italiana,italian,4.2,560.0,1.0,"R. de S√£o Juli√£o 74 76, 1100-526 Lisboa, Portugal","['Dine-in', 'Curbside pickup', 'No-contact delivery']"
1136,Osteria - Cucina di Amici,italian,4.4,886.0,2.0,"R. Madres 52, 1200-712 Lisboa, Portugal","['Dine-in', 'Takeaway', 'Delivery']"
1138,Italian Republic,italian,4.3,109.0,,"R. dos Arameiros 15, 1100-389 Lisboa","['Dine-in', 'Delivery']"
1139,DaVito,pizza,4.4,609.0,2.0,"Rua da Penha de Fran√ßa - Mercado Sapadores, Loja 15, 1170-364 Lisboa","['Dine-in', 'Takeaway', 'Delivery']"
1140,Restaurante italiano Il Gattopardo,mediterranean,4.5,39.0,,"Av. Eng. Duarte Pacheco 24 3¬∫ piso, 1070-110 Lisboa","['Dine-in', 'Takeaway', 'No delivery']"
1142,La Campania,italian,4.3,566.0,,"R. Artilharia 1 30, 1250-096 Lisboa","['Dine-in', 'Takeaway']"
1143,Pasta House,pasta,4.1,80.0,,"Av. Eng. Duarte Pacheco 15G, 1250-096 Lisboa","['Dine-in', 'Takeaway', 'No delivery']"
1144,Tempero Pizza (Arroios),italian,4.8,18.0,,"R. Nova do Desterro 9, 1150-241 Lisboa","['Dine-in', 'Takeaway']"
1145,Caja pasta fresca italiana,pasta,4.9,33.0,,"R. Andrade 9 11, 1170-014 Lisboa","['Dine-in', 'Takeaway']"
1146,Memoria,pasta,4.4,519.0,2.0,"R. 4 de Infantaria 26a, 1350-273 Lisboa","['Dine-in', 'Takeaway', 'Delivery']"
1147,L'APE Italian Lounge,italian,4.7,85.0,,"Cal√ßada do Monte 92A, 1170-251 Lisboa","['Dine-in', 'Takeaway']"
1151,Castafiore,bistro,4.3,107.0,2.0,"R. do Duque 21, 1200-158 Lisboa","['Dine-in', 'Curbside pickup', 'Delivery']"
1153,Ginos,italian,4.1,297.0,2.0,"R. Barata Salgueiro 29A, 1250-096 Lisboa","['Dine-in', 'Takeaway', 'Delivery']"
1154,Nonna Ristorante Cucina Italiana e Portoghese,italian,5.0,4.0,,"R. dos Rem√©dios 163, 1100-446 Lisboa","['Dine-in', 'Takeaway', 'No delivery']"
1155,Pizza a Metro,italian,4.3,81.0,,"R. de Santa Marta 51, 1150-294 Lisboa","['Dine-in', 'Takeaway', 'No delivery']"
1158,daTerra Bairro Alto,veggie_healthy,4.4,337.0,2.0,"R. da Rosa 51, 1200-382 Lisboa, Portugal",['nan']
1160,The Green Affair - Chiado,veggie_healthy,4.4,408.0,2.0,"R. Serpa Pinto 15A, 1200-443 Lisboa, Portugal","['Dine-in', 'Takeaway', 'Delivery']"
1163,Os Tibetanos,veggie_healthy,4.3,1366.0,2.0,"R. do Salitre 117, 1250-198 Lisboa, Portugal","['Dine-in', 'Takeaway', 'Delivery']"
1165,Kong - Food Made With Compassion,veggie_healthy,4.7,420.0,2.0,"R. do Crucifixo 30, 1100-183 Lisboa, Portugal","['Dine-in', 'Takeaway', 'No delivery']"
1166,Dear Breakfast,brunch,4.4,1281.0,2.0,"R. Gaivotas 17, 1200-719 Lisboa, Portugal","['Dine-in', 'Takeaway']"
1168,Brunch in Downtown,brunch,4.9,8.0,,"R. da Vit√≥ria 8, 1100-619 Lisboa, Portugal","['Dine-in', 'Takeaway']"
1170,Fauna & Flora- Anjos,brunch,4.5,609.0,2.0,"R. Febo Moniz 27A, 1150-152 Lisboa, Portugal","['Dine-in', 'Takeaway', 'Delivery']"
1172,BATZ,brunch,4.5,145.0,,"Largo Dr. Ant√≥nio de Sousa Macedo 2, 1200-319 Lisboa, Portugal","['Dine-in', 'Takeaway', 'No delivery']"
1174,A.P. F. Cafe & Restaurant,bistro,4.6,237.0,2.0,"R. das Trinas 67A, 1200-856 Lisboa, Portugal","['Dine-in', 'Takeaway', 'No-contact delivery']"
1175,Oui Mais Non,brunch,4.6,25.0,,"Tivoli F√≥rum, Av. da Liberdade 180 Loja 5A, 1250-146 Lisboa, Portugal","['Dine-in', 'Takeaway']"
1176,Dear Breakfast - Alfama,brunch,4.6,136.0,,"Largo de Santo Ant√≥nio da S√© 16, 1100-499 Lisboa, Portugal","['Dine-in', 'Takeaway']"
1178,"11 Tapas - Restaurante & Cocktail, WineBar",european,4.3,406.0,1.0,"Travessa da √Ågua da Flor 11, 1200-010 Lisboa","['Dine-in', 'Drive-through', 'No delivery']"
1179,TAPAS 129,european,4.7,208.0,,"R. Outeirinho do Mirante 1, 1100-387 Lisboa","['Dine-in', 'Takeaway', 'No delivery']"
1180,Tapas Boa Hora,european,4.8,253.0,,"Tv. da Boa Hora 48, 1200-064 Lisboa",['nan']
1181,Tapa Bucho Gastrobar,european,4.4,531.0,2.0,"R. do Di√°rio de Not√≠cias 122, 1200-145 Lisboa","['Dine-in', 'Takeaway', 'Delivery']"
1182,Medrosa d'Alfama,european,4.3,473.0,2.0,"Largo de S√£o Rafael 6, 1100-559 Lisboa","['Dine-in', 'Takeaway', 'No delivery']"
1184,Ache Atalaia Bar & Tapas,european,4.5,334.0,,"R. da Atalaia 53, 1200-027 Lisboa","['Dine-in', 'Takeaway', 'No delivery']"
1185,A Marisqueira do Lis,seafood,4.2,711.0,2.0,"Av. Alm. Reis 27B, 1150-019 Lisboa","['Dine-in', 'Takeaway', 'Delivery']"
1187,Cervejaria Ribadouro,seafood,4.0,1815.0,2.0,"Av. da Liberdade 155, 1250-144 Lisboa","['Dine-in', 'Takeaway', 'Delivery']"
1188,Marisqueira Uma,seafood,4.1,2941.0,1.0,"R. dos Sapateiros 177, 1100-044 Lisboa","['Dine-in', 'Takeaway']"
1189,Aqui H√° Peixe,seafood,4.3,350.0,3.0,"R. Trindade 18A, 1200-468 Lisboa","['Dine-in', 'Takeaway', 'No delivery']"
1190,Restaurante Gambrinus,portuguese,4.4,1199.0,4.0,"R. das Portas de Santo Ant√£o 23, 1150-264 Lisboa","['Dine-in', 'Takeaway', 'No delivery']"
1191,Marisqueira Azul - Time Out Market,seafood,3.9,216.0,,"Av. 24 de Julho 49, 1200-479 Lisboa","['Dine-in', 'Takeaway', 'No delivery']"
1192,Oyster & Margarita,seafood,4.8,114.0,,"R. da Palmeira 28 C, 1200-313 Lisboa","['Dine-in', 'Takeaway', 'No delivery']"
1194,Cais na Pregui√ßa,seafood,4.4,346.0,,"Rua dos Bacalhoeiros 4C, 1100-070 Lisboa","['Dine-in', 'Curbside pickup', 'No delivery']"
1197,Peixola,seafood,4.6,472.0,2.0,"R. do Alecrim 35, 1200-014 Lisboa, Portugal","['Dine-in', 'Takeaway', 'Delivery']"
1198,Mar ao Carmo,seafood,4.4,603.0,3.0,"Largo do Carmo 21, 1200-092 Lisboa, Portugal","['Dine-in', 'Takeaway', 'No delivery']"
1199,To.B - To burger or not to burger,burger,4.4,1237.0,2.0,"R. Capelo 24, 1200-087 Lisboa, Portugal","['Dine-in', 'Takeaway', 'Delivery']"
1200,Hamburgu√™s,burger,4.1,1135.0,2.0,"Av. Alm. Reis 10, 1150-038 Lisboa, Portugal",['nan']
1201,A Burgueria Regional,burger,4.2,582.0,2.0,"R. Alexandre Herculano 17b, 1250-096 Lisboa, Portugal","['Dine-in', 'Takeaway']"
1202,Hamburgueria do Bairro - S√£o Bento,burger,4.2,748.0,2.0,"R. dos Industriais 9, 1200-109 Lisboa, Portugal","['Dine-in', 'Takeaway', 'Delivery']"
1203,Alfama Wine & Burgers,burger,4.2,123.0,2.0,"R. do Vig√°rio 14, 1100-451 Lisboa, Portugal","['Dine-in', 'Takeaway', 'No delivery']"
1204,Santo Graal Burger & Grill,burger,4.6,487.0,2.0,"R. Ferreira Borges 47, 1350-126 Lisboa, Portugal","['Dine-in', 'Takeaway', 'Delivery']"
1205,Hamburgueria Portuguesa by farnel,burger,4.2,987.0,1.0,"Largo do Conde Bar√£o 37, 1200-118 Lisboa, Portugal","['Dine-in', 'Takeaway', 'Delivery']"
1206,The Great American Disaster,burger,3.9,3128.0,2.0,"Pra√ßa Marqu√™s de Pombal 1, 1250-021 Lisboa, Portugal","['Dine-in', 'Curbside pickup', 'Delivery']"
1207,Green Burger,burger,3.9,17.0,,"Pra√ßa da Alegria 40, 1250-004 Lisboa, Portugal","['Dine-in', 'Curbside pickup', 'No-contact delivery']"
1208,Brown's Bistro,bistro,4.3,542.0,2.0,"R. da Vit√≥ria 88, 1100-571 Lisboa, Portugal",['nan']
1211,Clandestino,asian,4.2,733.0,1.0,"R. do Benformoso 59, 1100-074 Lisboa, Portugal","['Dine-in', 'Takeaway', 'No delivery']"
1212,Asian Lab,asian,2.9,191.0,,"Av. 24 de Julho 49, 1200-109 Lisboa, Portugal","['Dine-in', 'Takeaway']"
1213,Soi,asian,4.2,775.0,2.0,"R. Moeda 1C, 1200-109 Lisboa, Portugal","['Dine-in', 'Takeaway', 'Delivery']"
1214,Nova Paris,asian,4.5,168.0,,"Portugal, Av. Alm. Reis, PT LisboaÈÇÆÊîøÁºñÁ†Å: 1150-020","['Dine-in', 'Takeaway', 'Delivery']"
1218,Pangzi Massa ËÉñÂ≠êÈù¢È¶Ü,asian,4.3,367.0,1.0,"R. do Benformoso 73, 1100-012 Lisboa, Portugal","['Dine-in', 'Takeaway', 'Delivery']"
1222,Caf√© Luso,fado,3.9,701.0,2.0,"Tv. da Queimada 10, 1200-365 Lisboa","['Dine-in', 'No takeaway', 'No delivery']"
1223,Maria da Mouraria - Casa de Fados,fado,4.4,434.0,2.0,"Rua do Capel√£o 1B, Largo Severa 2, 1100-341 Lisboa","['Dine-in', 'Takeaway', 'No delivery']"
1227,Fado em Si,fado,4.0,253.0,3.0,"R. de S√£o Jo√£o da Pra√ßa 18, 1100-520 Lisboa","['Dine-in', 'No delivery']"
1228,Restaurante Fado ao Carmo,fado,4.7,302.0,4.0,"Rua da Condessa numero 52, 1200-122 Lisboa","['Dine-in', 'No delivery']"
1229,A Viela do Fado,fado,3.9,216.0,2.0,"R. dos Rem√©dios 111, 1100-345 Lisboa","['Dine-in', 'No delivery']"
1230,Mesa de Frades,fado,4.4,407.0,,"R. dos Rem√©dios 139, 1100-304 Lisboa","['Dine-in', 'No delivery']"
1231,A Baiuca,fado,4.2,500.0,,"R. de S√£o Miguel nr 20, 1100-544 Lisboa","['Dine-in', 'Curbside pickup', 'No delivery']"
1232,Pastel do Fado,fado,3.6,430.0,,"Rua Limoeiro 10, 1100-058 Lisboa","['Dine-in', 'Takeaway', 'No delivery']"
1233,Guitarras de Lisboa,fado,4.3,230.0,2.0,"Beco do Melo 1, 1100-345 Lisboa","['Dine-in', 'No delivery']"
1239,O Corrido ‚Äì Casa de Fado,fado,4.8,195.0,2.0,"Campo de Santa Clara 49, 1100-471 Lisboa, Portugal","['Dine-in', 'No takeaway', 'No delivery']"
1240,Casa de Linhares (Fado),fado,4.4,593.0,2.0,"Beco dos Armaz√©ns do Linho 2, 1100-037 Lisboa, Portugal","['Dine-in', 'No delivery']"
1244,Alfama Fado Restaurant,fado,3.8,22.0,,"R. de S√£o Pedro 4, 1100-345 Lisboa, Portugal","['Dine-in', 'No delivery']"
1245,Casa de Fado,fado,4.3,103.0,,"R. da Barroca 56, 1200-043 Lisboa, Portugal",['Dine-in']
1246,Mabiche Pizza Arroios,pizza,4.5,543.0,2.0,"R. Passos Manuel 9, 1150-020 Lisboa","['Dine-in', 'Takeaway', 'Delivery']"
1247,Lupita Pizzaria,pizza,4.8,385.0,,"Rua de S. Paulo 79, 1200-427 Lisboa","['Dine-in', 'Takeaway', 'Delivery']"
1248,The Pizza Wizard,pizza,4.5,172.0,1.0,"R. Andrade 71, 1170-016 Lisboa","['Dine-in', 'Takeaway', 'Delivery']"
1249,Retrogusto84,pizza,4.6,886.0,2.0,"R. Maria 54, 1170-212 Lisboa","['Dine-in', 'Takeaway', 'Delivery']"
1250,ZeroZero,pizza,4.3,2462.0,2.0,"R. da Escola Polit√©cnica 32, 1250-102 Lisboa","['Dine-in', 'Takeaway', 'Delivery']"
1251,Kumar-Doner Kebab e Pizzeria,pizza,4.1,498.0,1.0,"Portugal, Largo Santa B√°rbara 7D, 1150-287 Lisboa","['Dine-in', 'Takeaway', 'Delivery']"
1252,Jamie Oliver's Pizzeria Lisboa,pizza,4.3,415.0,2.0,"Rua do Loreto 12, 1200-108 Lisboa","['Dine-in', 'Takeaway', 'No-contact delivery']"
1253,La Puttana,pizza,4.3,492.0,2.0,"Portugal, R. Nova do Carvalho 70, 1200-292 Lisboa","['Dine-in', 'Takeaway', 'Delivery']"
1254,Pizzeria Mezzogiorno,italian,4.0,1206.0,2.0,"Rua Garrett 19 - Galerias P√°teo Garrett, lojas C, D, 1200-203 Lisboa","['Dine-in', 'Delivery']"
1255,Mundo Gourmet Pizzaria,pizza,4.5,128.0,,"R. Heliodoro Salgado 22B, 1170-177 Lisboa","['Dine-in', 'Takeaway', 'Delivery']"
1256,Pizzaria Luzzo | Gra√ßa,pizza,4.4,107.0,2.0,"Largo da Gra√ßa 24, 1170-165 Lisboa","['Dine-in', 'Takeaway', 'Delivery']"
1258,Pizza Misura (A pizza a tua medida),italian,4.5,244.0,1.0,"R. da Miseric√≥rdia 105, 1200-334 Lisboa","['Dine-in', 'Takeaway', 'Delivery']"
1260,ZeroZero Pr√≠ncipe Real,pizza,4.3,2462.0,2.0,"R. da Escola Polit√©cnica 32, 1250-102 Lisboa, Portugal","['Dine-in', 'Takeaway', 'Delivery']"
1261,Mr. Pizza,pizza,4.3,456.0,1.0,"R. Saraiva de Carvalho 199B, 1350-300 Lisboa, Portugal","['Dine-in', 'Takeaway', 'Delivery']"
1262,Primo Bas√≠lico,pizza,4.6,458.0,1.0,"R. dos Rem√©dios 37, 1100-115 Lisboa, Portugal",['nan']
1263,Pizzaria do Bairro,pizza,4.2,195.0,1.0,"Armaz√©m A, n.¬∫ 18, R. da Cintura do Porto de Lisboa, Lisboa, Portugal","['Dine-in', 'Takeaway', 'No delivery']"
1264,Coyo Taco - Pr√≠ncipe Real,mexican,4.2,724.0,2.0,"R. Dom Pedro V n¬∫ 65, 1250-093 Lisboa, Portugal","['Dine-in', 'Takeaway', 'Delivery']"
1265,Taqueria Patron,mexican,4.1,446.0,1.0,"R. do Gremio Lusitano 8, 1200-113 Lisboa, Portugal","['Dine-in', 'Takeaway', 'Delivery']"
1266,Coyo Taco - Cais do Sodr√©,mexican,4.0,221.0,2.0,"R. Ribeira Nova 36, 1200-376 Lisboa, Portugal","['Dine-in', 'Takeaway', 'Delivery']"
1267,Taqueria do Chiado by Espada,mexican,4.1,145.0,,"R. Trindade 36C, 1200-235 Lisboa, Portugal","['Dine-in', 'Takeaway', 'No delivery']"
1268,Las Ficheras,mexican,3.9,1569.0,2.0,"R. dos Remolares 34, 1200-371 Lisboa","['Dine-in', 'Takeaway', 'Delivery']"
1269,La Fugitiva Taco Bar,mexican,4.4,23.0,,"Rua de S. Paulo 186, 1200-249 Lisboa","['Dine-in', 'Curbside pickup', 'No delivery']"
1273,CARNAL,mexican,5.0,7.0,,"R. da Miseric√≥rdia 78, 1200-385 Lisboa",['Dine-in']
1274,Dona Maria,mexican,4.3,48.0,,"Cal√ßada Santana 175, 1150-307 Lisboa","['Dine-in', 'Takeaway']"
1275,CASA DOS AMIGOS,mexican,4.2,125.0,,"R. dos Rem√©dios 140, 1100-451 Lisboa","['Dine-in', 'Takeaway', 'No delivery']"
1276,El Paso Cantina Mexicana y Cocktail Bar,mexican,4.0,8.0,,"R. das Portas de Santo Ant√£o 125, 1150-312 Lisboa","['Dine-in', 'Takeaway']"
1277,La fugitiva,mexican,4.3,22.0,,"Rua de S. Paulo 186, 1200-058 Lisboa","['Dine-in', 'Takeaway']"
1278,Tico y Taco,mexican,4.8,4.0,,"R. da Atalaia 4, 1200-050 Lisboa","['Dine-in', 'Takeaway']"
1280,El Tacos Mexican & Cocktails Bar ( Bairro Alto),mexican,3.9,431.0,2.0,"R. do Di√°rio de Not√≠cias 23, 1200-283 Lisboa, Portugal","['Dine-in', 'Takeaway', 'Delivery']"
